glass_type,artifact_i,artifact_j,co_cluster_frequency,n_joint_resamples,k,stable_subclass_supported
高钾,01,01,1.0,630,2,0
高钾,01,03,0.9485294117647058,408,2,0
高钾,01,04,0.9873417721518988,395,2,0
高钾,01,05,0.9876237623762376,404,2,0
高钾,01,06,0.9067599067599068,429,2,0
高钾,01,07,0.5792079207920792,404,2,0
高钾,01,09,0.17232375979112272,383,2,0
高钾,01,10,0.20654911838790932,397,2,0
高钾,01,12,0.21549636803874092,413,2,0
高钾,01,13,0.9950617283950617,405,2,0
高钾,01,14,0.5809018567639257,377,2,0
高钾,01,16,0.7093596059113301,406,2,0
高钾,01,18,0.7989556135770235,383,2,0
高钾,01,21,0.9625935162094763,401,2,0
高钾,01,22,0.22911694510739858,419,2,0
高钾,01,27,0.4900990099009901,404,2,0
高钾,03,01,0.9485294117647058,408,2,0
高钾,03,03,1.0,630,2,0
高钾,03,04,0.9757869249394673,413,2,0
高钾,03,05,0.9489795918367347,392,2,0
高钾,03,06,0.8567901234567902,405,2,0
高钾,03,07,0.7178217821782178,404,2,0
高钾,03,09,0.21899736147757257,379,2,0
高钾,03,10,0.24489795918367346,392,2,0
高钾,03,12,0.24047619047619048,420,2,0
高钾,03,13,0.935251798561151,417,2,0
高钾,03,14,0.6881443298969072,388,2,0
高钾,03,16,0.8170731707317073,410,2,0
高钾,03,18,0.8586666666666667,375,2,0
高钾,03,21,0.9715762273901809,387,2,0
高钾,03,22,0.26044226044226043,407,2,0
高钾,03,27,0.6467661691542289,402,2,0
高钾,04,01,0.9873417721518988,395,2,0
高钾,04,03,0.9757869249394673,413,2,0
高钾,04,04,1.0,635,2,0
高钾,04,05,1.0,407,2,0
高钾,04,06,0.8983451536643026,423,2,0
高钾,04,07,0.5714285714285714,406,2,0
高钾,04,09,0.18882978723404256,376,2,0
高钾,04,10,0.20151133501259447,397,2,0
高钾,04,12,0.2087378640776699,412,2,0
高钾,04,13,0.9949748743718593,398,2,0
高钾,04,14,0.6352040816326531,392,2,0
高钾,04,16,0.75177304964539,423,2,0
高钾,04,18,0.8015267175572519,393,2,0
高钾,04,21,0.9806295399515739,413,2,0
高钾,04,22,0.24378109452736318,402,2,0
高钾,04,27,0.5170731707317073,410,2,0
高钾,05,01,0.9876237623762376,404,2,0
高钾,05,03,0.9489795918367347,392,2,0
高钾,05,04,1.0,407,2,0
高钾,05,05,1.0,630,2,0
高钾,05,06,0.9133489461358314,427,2,0
高钾,05,07,0.5481481481481482,405,2,0
高钾,05,09,0.15425531914893617,376,2,0
高钾,05,10,0.20822622107969152,389,2,0
高钾,05,12,0.1825,400,2,0
高钾,05,13,0.9974747474747475,396,2,0
高钾,05,14,0.6236842105263158,380,2,0
高钾,05,16,0.7301980198019802,404,2,0
高钾,05,18,0.7868421052631579,380,2,0
高钾,05,21,0.9778869778869779,407,2,0
高钾,05,22,0.24120603015075376,398,2,0
高钾,05,27,0.5113924050632911,395,2,0
高钾,06,01,0.9067599067599068,429,2,0
高钾,06,03,0.8567901234567902,405,2,0
高钾,06,04,0.8983451536643026,423,2,0
高钾,06,05,0.9133489461358314,427,2,0
高钾,06,06,1.0,659,2,0
高钾,06,07,0.49061032863849763,426,2,0
高钾,06,09,0.19950124688279303,401,2,0
高钾,06,10,0.2962962962962963,405,2,0
高钾,06,12,0.15914489311163896,421,2,0
高钾,06,13,0.8958837772397095,413,2,0
高钾,06,14,0.5498783454987834,411,2,0
高钾,06,16,0.6894117647058824,425,2,0
高钾,06,18,0.7004950495049505,404,2,0
高钾,06,21,0.9046454767726161,409,2,0
高钾,06,22,0.21479713603818615,419,2,0
高钾,06,27,0.44364508393285373,417,2,0
高钾,07,01,0.5792079207920792,404,2,0
高钾,07,03,0.7178217821782178,404,2,0
高钾,07,04,0.5714285714285714,406,2,0
高钾,07,05,0.5481481481481482,405,2,0
高钾,07,06,0.49061032863849763,426,2,0
高钾,07,07,1.0,631,2,0
高钾,07,09,0.5207253886010362,386,2,0
高钾,07,10,0.5118110236220472,381,2,0
高钾,07,12,0.5169082125603864,414,2,0
高钾,07,13,0.5477386934673367,398,2,0
高钾,07,14,0.6,365,2,0
高钾,07,16,0.6666666666666666,405,2,0
高钾,07,18,0.8459530026109661,383,2,0
高钾,07,21,0.5903614457831325,415,2,0
高钾,07,22,0.36650485436893204,412,2,0
高钾,07,27,0.9600997506234414,401,2,0
高钾,09,01,0.17232375979112272,383,2,0
高钾,09,03,0.21899736147757257,379,2,0
高钾,09,04,0.18882978723404256,376,2,0
高钾,09,05,0.15425531914893617,376,2,0
高钾,09,06,0.19950124688279303,401,2,0
高钾,09,07,0.5207253886010362,386,2,0
高钾,09,09,1.0,595,2,0
高钾,09,10,0.875,360,2,0
高钾,09,12,0.9738903394255874,383,2,0
高钾,09,13,0.15633423180592992,371,2,0
高钾,09,14,0.232,375,2,0
高钾,09,16,0.3282828282828283,396,2,0
高钾,09,18,0.3896457765667575,367,2,0
高钾,09,21,0.20698924731182797,372,2,0
高钾,09,22,0.8483290488431876,389,2,0
高钾,09,27,0.5714285714285714,378,2,0
高钾,10,01,0.20654911838790932,397,2,0
高钾,10,03,0.24489795918367346,392,2,0
高钾,10,04,0.20151133501259447,397,2,0
高钾,10,05,0.20822622107969152,389,2,0
高钾,10,06,0.2962962962962963,405,2,0
高钾,10,07,0.5118110236220472,381,2,0
高钾,10,09,0.875,360,2,0
高钾,10,10,1.0,604,2,0
高钾,10,12,0.8190954773869347,398,2,0
高钾,10,13,0.2109375,384,2,0
高钾,10,14,0.17857142857142858,364,2,0
高钾,10,16,0.3943298969072165,388,2,0
高钾,10,18,0.4281842818428184,369,2,0
高钾,10,21,0.2372448979591837,392,2,0
高钾,10,22,0.7474226804123711,388,2,0
高钾,10,27,0.4876712328767123,365,2,0
高钾,12,01,0.21549636803874092,413,2,0
高钾,12,03,0.24047619047619048,420,2,0
高钾,12,04,0.2087378640776699,412,2,0
高钾,12,05,0.1825,400,2,0
高钾,12,06,0.15914489311163896,421,2,0
高钾,12,07,0.5169082125603864,414,2,0
高钾,12,09,0.9738903394255874,383,2,0
高钾,12,10,0.8190954773869347,398,2,0
高钾,12,12,1.0,634,2,0
高钾,12,13,0.20149253731343283,402,2,0
高钾,12,14,0.29973474801061006,377,2,0
高钾,12,16,0.2944038929440389,411,2,0
高钾,12,18,0.3680203045685279,394,2,0
高钾,12,21,0.23486682808716708,413,2,0
高钾,12,22,0.8641975308641975,405,2,0
高钾,12,27,0.5607940446650124,403,2,0
高钾,13,01,0.9950617283950617,405,2,0
高钾,13,03,0.935251798561151,417,2,0
高钾,13,04,0.9949748743718593,398,2,0
高钾,13,05,0.9974747474747475,396,2,0
高钾,13,06,0.8958837772397095,413,2,0
高钾,13,07,0.5477386934673367,398,2,0
高钾,13,09,0.15633423180592992,371,2,0
高钾,13,10,0.2109375,384,2,0
高钾,13,12,0.20149253731343283,402,2,0
高钾,13,13,1.0,621,2,0
高钾,13,14,0.6106666666666667,375,2,0
高钾,13,16,0.7193396226415094,424,2,0
高钾,13,18,0.7855227882037533,373,2,0
高钾,13,21,0.9748743718592965,398,2,0
高钾,13,22,0.22549019607843138,408,2,0
高钾,13,27,0.5,382,2,0
高钾,14,01,0.5809018567639257,377,2,0
高钾,14,03,0.6881443298969072,388,2,0
高钾,14,04,0.6352040816326531,392,2,0
高钾,14,05,0.6236842105263158,380,2,0
高钾,14,06,0.5498783454987834,411,2,0
高钾,14,07,0.6,365,2,0
高钾,14,09,0.232,375,2,0
高钾,14,10,0.17857142857142858,364,2,0
高钾,14,12,0.29973474801061006,377,2,0
高钾,14,13,0.6106666666666667,375,2,0
高钾,14,14,1.0,596,2,0
高钾,14,16,0.7674418604651163,387,2,0
高钾,14,18,0.6287262872628726,369,2,0
高钾,14,21,0.5921052631578947,380,2,0
高钾,14,22,0.37866666666666665,375,2,0
高钾,14,27,0.6504065040650406,369,2,0
高钾,16,01,0.7093596059113301,406,2,0
高钾,16,03,0.8170731707317073,410,2,0
高钾,16,04,0.75177304964539,423,2,0
高钾,16,05,0.7301980198019802,404,2,0
高钾,16,06,0.6894117647058824,425,2,0
高钾,16,07,0.6666666666666666,405,2,0
高钾,16,09,0.3282828282828283,396,2,0
高钾,16,10,0.3943298969072165,388,2,0
高钾,16,12,0.2944038929440389,411,2,0
高钾,16,13,0.7193396226415094,424,2,0
高钾,16,14,0.7674418604651163,387,2,0
高钾,16,16,1.0,640,2,0
高钾,16,18,0.8772845953002611,383,2,0
高钾,16,21,0.7118226600985221,406,2,0
高钾,16,22,0.375609756097561,410,2,0
高钾,16,27,0.683698296836983,411,2,0
高钾,18,01,0.7989556135770235,383,2,0
高钾,18,03,0.8586666666666667,375,2,0
高钾,18,04,0.8015267175572519,393,2,0
高钾,18,05,0.7868421052631579,380,2,0
高钾,18,06,0.7004950495049505,404,2,0
高钾,18,07,0.8459530026109661,383,2,0
高钾,18,09,0.3896457765667575,367,2,0
高钾,18,10,0.4281842818428184,369,2,0
高钾,18,12,0.3680203045685279,394,2,0
高钾,18,13,0.7855227882037533,373,2,0
高钾,18,14,0.6287262872628726,369,2,0
高钾,18,16,0.8772845953002611,383,2,0
高钾,18,18,1.0,599,2,0
高钾,18,21,0.7942708333333334,384,2,0
高钾,18,22,0.2857142857142857,378,2,0
高钾,18,27,0.8131868131868132,364,2,0
高钾,21,01,0.9625935162094763,401,2,0
高钾,21,03,0.9715762273901809,387,2,0
高钾,21,04,0.9806295399515739,413,2,0
高钾,21,05,0.9778869778869779,407,2,0
高钾,21,06,0.9046454767726161,409,2,0
高钾,21,07,0.5903614457831325,415,2,0
高钾,21,09,0.20698924731182797,372,2,0
高钾,21,10,0.2372448979591837,392,2,0
高钾,21,12,0.23486682808716708,413,2,0
高钾,21,13,0.9748743718592965,398,2,0
高钾,21,14,0.5921052631578947,380,2,0
高钾,21,16,0.7118226600985221,406,2,0
高钾,21,18,0.7942708333333334,384,2,0
高钾,21,21,1.0,631,2,0
高钾,21,22,0.2731707317073171,410,2,0
高钾,21,27,0.5261845386533666,401,2,0
高钾,22,01,0.22911694510739858,419,2,0
高钾,22,03,0.26044226044226043,407,2,0
高钾,22,04,0.24378109452736318,402,2,0
高钾,22,05,0.24120603015075376,398,2,0
高钾,22,06,0.21479713603818615,419,2,0
高钾,22,07,0.36650485436893204,412,2,0
高钾,22,09,0.8483290488431876,389,2,0
高钾,22,10,0.7474226804123711,388,2,0
高钾,22,12,0.8641975308641975,405,2,0
高钾,22,13,0.22549019607843138,408,2,0
高钾,22,14,0.37866666666666665,375,2,0
高钾,22,16,0.375609756097561,410,2,0
高钾,22,18,0.2857142857142857,378,2,0
高钾,22,21,0.2731707317073171,410,2,0
高钾,22,22,1.0,630,2,0
高钾,22,27,0.4282115869017632,397,2,0
高钾,27,01,0.4900990099009901,404,2,0
高钾,27,03,0.6467661691542289,402,2,0
高钾,27,04,0.5170731707317073,410,2,0
高钾,27,05,0.5113924050632911,395,2,0
高钾,27,06,0.44364508393285373,417,2,0
高钾,27,07,0.9600997506234414,401,2,0
高钾,27,09,0.5714285714285714,378,2,0
高钾,27,10,0.4876712328767123,365,2,0
高钾,27,12,0.5607940446650124,403,2,0
高钾,27,13,0.5,382,2,0
高钾,27,14,0.6504065040650406,369,2,0
高钾,27,16,0.683698296836983,411,2,0
高钾,27,18,0.8131868131868132,364,2,0
高钾,27,21,0.5261845386533666,401,2,0
高钾,27,22,0.4282115869017632,397,2,0
高钾,27,27,1.0,620,2,0
铅钡,02,02,1.0,618,6,0
铅钡,02,08,0.011876484560570071,421,6,0
铅钡,02,11,0.12432432432432433,370,6,0
铅钡,02,19,0.32216494845360827,388,6,0
铅钡,02,20,0.12020460358056266,391,6,0
铅钡,02,23,0.038461538461538464,390,6,0
铅钡,02,24,0.01078167115902965,371,6,0
铅钡,02,25,0.12661498708010335,387,6,0
铅钡,02,26,0.015151515151515152,396,6,0
铅钡,02,28,0.0835509138381201,383,6,0
铅钡,02,29,0.05569620253164557,395,6,0
铅钡,02,30,0.6368286445012787,391,6,0
铅钡,02,31,0.29310344827586204,406,6,0
铅钡,02,32,0.17539267015706805,382,6,0
铅钡,02,33,0.04785894206549118,397,6,0
铅钡,02,34,0.02,400,6,0
铅钡,02,35,0.06951871657754011,374,6,0
铅钡,02,36,0.01020408163265306,392,6,0
铅钡,02,37,0.02631578947368421,418,6,0
铅钡,02,38,0.016042780748663103,374,6,0
铅钡,02,39,0.027848101265822784,395,6,0
铅钡,02,40,0.010610079575596816,377,6,0
铅钡,02,41,0.7755610972568578,401,6,0
铅钡,02,42,0.023255813953488372,387,6,0
铅钡,02,43,0.11450381679389313,393,6,0
铅钡,02,44,0.049019607843137254,408,6,0
铅钡,02,45,0.047619047619047616,399,6,0
铅钡,02,46,0.07235142118863049,387,6,0
铅钡,02,47,0.04081632653061224,392,6,0
铅钡,02,48,0.05597964376590331,393,6,0
铅钡,02,49,0.4609375,384,6,0
铅钡,02,50,0.1628498727735369,393,6,0
铅钡,02,51,0.14540816326530612,392,6,0
铅钡,02,52,0.028423772609819122,387,6,0
铅钡,02,53,0.05343511450381679,393,6,0
铅钡,02,54,0.1164021164021164,378,6,0
铅钡,02,55,0.036585365853658534,410,6,0
铅钡,02,56,0.06565656565656566,396,6,0
铅钡,02,57,0.08130081300813008,369,6,0
铅钡,02,58,0.2546419098143236,377,6,0
铅钡,08,02,0.011876484560570071,421,6,0
铅钡,08,08,1.0,649,6,0
铅钡,08,11,0.27621483375959077,391,6,0
铅钡,08,19,0.13189448441247004,417,6,0
铅钡,08,20,0.1678832116788321,411,6,0
铅钡,08,23,0.09405940594059406,404,6,0
铅钡,08,24,0.46174142480211083,379,6,0
铅钡,08,25,0.012626262626262626,396,6,0
铅钡,08,26,1.0,402,6,0
铅钡,08,28,0.0,417,6,0
铅钡,08,29,0.0,421,6,0
铅钡,08,30,0.02336448598130841,428,6,0
铅钡,08,31,0.0,422,6,0
铅钡,08,32,0.0,409,6,0
铅钡,08,33,0.0024630541871921183,406,6,0
铅钡,08,34,0.030878859857482184,421,6,0
铅钡,08,35,0.004901960784313725,408,6,0
铅钡,08,36,0.010075566750629723,397,6,0
铅钡,08,37,0.08536585365853659,410,6,0
铅钡,08,38,0.01015228426395939,394,6,0
铅钡,08,39,0.11951219512195121,410,6,0
铅钡,08,40,0.05583756345177665,394,6,0
铅钡,08,41,0.12971698113207547,424,6,0
铅钡,08,42,0.06619385342789598,423,6,0
铅钡,08,43,0.24105011933174225,419,6,0
铅钡,08,44,0.0,427,6,0
铅钡,08,45,0.004819277108433735,415,6,0
铅钡,08,46,0.0024330900243309003,411,6,0
铅钡,08,47,0.009569377990430622,418,6,0
铅钡,08,48,0.0,408,6,0
铅钡,08,49,0.041666666666666664,408,6,0
铅钡,08,50,0.059113300492610835,406,6,0
铅钡,08,51,0.097799511002445,409,6,0
铅钡,08,52,0.03431372549019608,408,6,0
铅钡,08,53,0.0072992700729927005,411,6,0
铅钡,08,54,0.17206982543640897,401,6,0
铅钡,08,55,0.023529411764705882,425,6,0
铅钡,08,56,0.0831353919239905,421,6,0
铅钡,08,57,0.12727272727272726,385,6,0
铅钡,08,58,0.15869017632241814,397,6,0
铅钡,11,02,0.12432432432432433,370,6,0
铅钡,11,08,0.27621483375959077,391,6,0
铅钡,11,11,1.0,561,6,0
铅钡,11,19,0.6590909090909091,352,6,0
铅钡,11,20,0.5102040816326531,343,6,0
铅钡,11,23,0.4131054131054131,351,6,0
铅钡,11,24,0.3493975903614458,332,6,0
铅钡,11,25,0.1327683615819209,354,6,0
铅钡,11,26,0.18207282913165265,357,6,0
铅钡,11,28,0.011235955056179775,356,6,0
铅钡,11,29,0.011527377521613832,347,6,0
铅钡,11,30,0.2506811989100817,367,6,0
铅钡,11,31,0.06666666666666667,360,6,0
铅钡,11,32,0.09348441926345609,353,6,0
铅钡,11,33,0.08831908831908832,351,6,0
铅钡,11,34,0.16847826086956522,368,6,0
铅钡,11,35,0.027855153203342618,359,6,0
铅钡,11,36,0.09831460674157304,356,6,0
铅钡,11,37,0.4477211796246649,373,6,0
铅钡,11,38,0.05917159763313609,338,6,0
铅钡,11,39,0.045714285714285714,350,6,0
铅钡,11,40,0.036931818181818184,352,6,0
铅钡,11,41,0.1565934065934066,364,6,0
铅钡,11,42,0.45892351274787535,353,6,0
铅钡,11,43,0.5190217391304348,368,6,0
铅钡,11,44,0.010899182561307902,367,6,0
铅钡,11,45,0.049586776859504134,363,6,0
铅钡,11,46,0.1404494382022472,356,6,0
铅钡,11,47,0.13702623906705538,343,6,0
铅钡,11,48,0.01928374655647383,363,6,0
铅钡,11,49,0.29329608938547486,358,6,0
铅钡,11,50,0.4093567251461988,342,6,0
铅钡,11,51,0.3391304347826087,345,6,0
铅钡,11,52,0.11965811965811966,351,6,0
铅钡,11,53,0.029069767441860465,344,6,0
铅钡,11,54,0.24929178470254956,353,6,0
铅钡,11,55,0.1557377049180328,366,6,0
铅钡,11,56,0.20738636363636365,352,6,0
铅钡,11,57,0.2478134110787172,343,6,0
铅钡,11,58,0.6537313432835821,335,6,0
铅钡,19,02,0.32216494845360827,388,6,0
铅钡,19,08,0.13189448441247004,417,6,0
铅钡,19,11,0.6590909090909091,352,6,0
铅钡,19,19,1.0,600,6,0
铅钡,19,20,0.391304347826087,368,6,0
铅钡,19,23,0.23821989528795812,382,6,0
铅钡,19,24,0.10028653295128939,349,6,0
铅钡,19,25,0.17819148936170212,376,6,0
铅钡,19,26,0.09414758269720101,393,6,0
铅钡,19,28,0.013404825737265416,373,6,0
铅钡,19,29,0.012755102040816327,392,6,0
铅钡,19,30,0.4476439790575916,382,6,0
铅钡,19,31,0.05128205128205128,390,6,0
铅钡,19,32,0.013054830287206266,383,6,0
铅钡,19,33,0.007792207792207792,385,6,0
铅钡,19,34,0.15267175572519084,393,6,0
铅钡,19,35,0.0,359,6,0
铅钡,19,36,0.037333333333333336,375,6,0
铅钡,19,37,0.29207920792079206,404,6,0
铅钡,19,38,0.05027932960893855,358,6,0
铅钡,19,39,0.047244094488188976,381,6,0
铅钡,19,40,0.05093833780160858,373,6,0
铅钡,19,41,0.2125984251968504,381,6,0
铅钡,19,42,0.3333333333333333,384,6,0
铅钡,19,43,0.7783505154639175,388,6,0
铅钡,19,44,0.007614213197969543,394,6,0
铅钡,19,45,0.01804123711340206,388,6,0
铅钡,19,46,0.05570291777188329,377,6,0
铅钡,19,47,0.020618556701030927,388,6,0
铅钡,19,48,0.013157894736842105,380,6,0
铅钡,19,49,0.33156498673740054,377,6,0
铅钡,19,50,0.3333333333333333,378,6,0
铅钡,19,51,0.3780160857908847,373,6,0
铅钡,19,52,0.09523809523809523,378,6,0
铅钡,19,53,0.005361930294906166,373,6,0
铅钡,19,54,0.3181818181818182,374,6,0
铅钡,19,55,0.06766917293233082,399,6,0
铅钡,19,56,0.08244680851063829,376,6,0
铅钡,19,57,0.12962962962962962,378,6,0
铅钡,19,58,0.9807162534435262,363,6,0
铅钡,20,02,0.12020460358056266,391,6,0
铅钡,20,08,0.1678832116788321,411,6,0
铅钡,20,11,0.5102040816326531,343,6,0
铅钡,20,19,0.391304347826087,368,6,0
铅钡,20,20,1.0,593,6,0
铅钡,20,23,0.5462184873949579,357,6,0
铅钡,20,24,0.25833333333333336,360,6,0
铅钡,20,25,0.1095890410958904,365,6,0
铅钡,20,26,0.1585677749360614,391,6,0
铅钡,20,28,0.04473684210526316,380,6,0
铅钡,20,29,0.03359173126614987,387,6,0
铅钡,20,30,0.1518324607329843,382,6,0
铅钡,20,31,0.08860759493670886,395,6,0
铅钡,20,32,0.042328042328042326,378,6,0
铅钡,20,33,0.03684210526315789,380,6,0
铅钡,20,34,0.16578947368421051,380,6,0
铅钡,20,35,0.011267605633802818,355,6,0
铅钡,20,36,0.05361930294906166,373,6,0
铅钡,20,37,0.6025,400,6,0
铅钡,20,38,0.06371191135734072,361,6,0
铅钡,20,39,0.07123287671232877,365,6,0
铅钡,20,40,0.02981029810298103,369,6,0
铅钡,20,41,0.046511627906976744,387,6,0
铅钡,20,42,0.5744125326370757,383,6,0
铅钡,20,43,0.30319148936170215,376,6,0
铅钡,20,44,0.05053191489361702,376,6,0
铅钡,20,45,0.10335917312661498,387,6,0
铅钡,20,46,0.0948509485094851,369,6,0
铅钡,20,47,0.0712401055408971,379,6,0
铅钡,20,48,0.058823529411764705,357,6,0
铅钡,20,49,0.11444141689373297,367,6,0
铅钡,20,50,0.09115281501340483,373,6,0
铅钡,20,51,0.09408602150537634,372,6,0
铅钡,20,52,0.057065217391304345,368,6,0
铅钡,20,53,0.09921671018276762,383,6,0
铅钡,20,54,0.08707865168539326,356,6,0
铅钡,20,55,0.07751937984496124,387,6,0
铅钡,20,56,0.14054054054054055,370,6,0
铅钡,20,57,0.15512465373961218,361,6,0
铅钡,20,58,0.41032608695652173,368,6,0
铅钡,23,02,0.038461538461538464,390,6,0
铅钡,23,08,0.09405940594059406,404,6,0
铅钡,23,11,0.4131054131054131,351,6,0
铅钡,23,19,0.23821989528795812,382,6,0
铅钡,23,20,0.5462184873949579,357,6,0
铅钡,23,23,1.0,592,6,0
铅钡,23,24,0.403954802259887,354,6,0
铅钡,23,25,0.42091152815013405,373,6,0
铅钡,23,26,0.07012987012987013,385,6,0
铅钡,23,28,0.029023746701846966,379,6,0
铅钡,23,29,0.021108179419525065,379,6,0
铅钡,23,30,0.10103626943005181,386,6,0
铅钡,23,31,0.1796875,384,6,0
铅钡,23,32,0.3484042553191489,376,6,0
铅钡,23,33,0.30933333333333335,375,6,0
铅钡,23,34,0.2601626016260163,369,6,0
铅钡,23,35,0.1196808510638298,376,6,0
铅钡,23,36,0.1640625,384,6,0
铅钡,23,37,0.9072164948453608,388,6,0
铅钡,23,38,0.10989010989010989,364,6,0
铅钡,23,39,0.13101604278074866,374,6,0
铅钡,23,40,0.04395604395604396,364,6,0
铅钡,23,41,0.0027100271002710027,369,6,0
铅钡,23,42,0.7154471544715447,369,6,0
铅钡,23,43,0.15508021390374332,374,6,0
铅钡,23,44,0.03535353535353535,396,6,0
铅钡,23,45,0.1984126984126984,378,6,0
铅钡,23,46,0.2016348773841962,367,6,0
铅钡,23,47,0.368,375,6,0
铅钡,23,48,0.0291005291005291,378,6,0
铅钡,23,49,0.06149732620320856,374,6,0
铅钡,23,50,0.07238605898123325,373,6,0
铅钡,23,51,0.051075268817204304,372,6,0
铅钡,23,52,0.0392156862745098,357,6,0
铅钡,23,53,0.16172506738544473,371,6,0
铅钡,23,54,0.04054054054054054,370,6,0
铅钡,23,55,0.387434554973822,382,6,0
铅钡,23,56,0.2857142857142857,371,6,0
铅钡,23,57,0.2292817679558011,362,6,0
铅钡,23,58,0.24444444444444444,360,6,0
铅钡,24,02,0.01078167115902965,371,6,0
铅钡,24,08,0.46174142480211083,379,6,0
铅钡,24,11,0.3493975903614458,332,6,0
铅钡,24,19,0.10028653295128939,349,6,0
铅钡,24,20,0.25833333333333336,360,6,0
铅钡,24,23,0.403954802259887,354,6,0
铅钡,24,24,1.0,568,6,0
铅钡,24,25,0.23837209302325582,344,6,0
铅钡,24,26,0.43010752688172044,372,6,0
铅钡,24,28,0.0,361,6,0
铅钡,24,29,0.005479452054794521,365,6,0
铅钡,24,30,0.03494623655913978,372,6,0
铅钡,24,31,0.024,375,6,0
铅钡,24,32,0.17094017094017094,351,6,0
铅钡,24,33,0.14794520547945206,365,6,0
铅钡,24,34,0.21333333333333335,375,6,0
铅钡,24,35,0.07736389684813753,349,6,0
铅钡,24,36,0.22,350,6,0
铅钡,24,37,0.32707774798927614,373,6,0
铅钡,24,38,0.1751412429378531,354,6,0
铅钡,24,39,0.12034383954154727,349,6,0
铅钡,24,40,0.04748603351955307,358,6,0
铅钡,24,41,0.03333333333333333,360,6,0
铅钡,24,42,0.3435754189944134,358,6,0
铅钡,24,43,0.15803814713896458,367,6,0
铅钡,24,44,0.0027548209366391185,363,6,0
铅钡,24,45,0.02680965147453083,373,6,0
铅钡,24,46,0.13428571428571429,350,6,0
铅钡,24,47,0.30919220055710306,359,6,0
铅钡,24,48,0.0,355,6,0
铅钡,24,49,0.020348837209302327,344,6,0
铅钡,24,50,0.0847457627118644,354,6,0
铅钡,24,51,0.049315068493150684,365,6,0
铅钡,24,52,0.043835616438356165,365,6,0
铅钡,24,53,0.019390581717451522,361,6,0
铅钡,24,54,0.07736389684813753,349,6,0
铅钡,24,55,0.26063829787234044,376,6,0
铅钡,24,56,0.25722543352601157,346,6,0
铅钡,24,57,0.23837209302325582,344,6,0
铅钡,24,58,0.13353115727002968,337,6,0
铅钡,25,02,0.12661498708010335,387,6,0
铅钡,25,08,0.012626262626262626,396,6,0
铅钡,25,11,0.1327683615819209,354,6,0
铅钡,25,19,0.17819148936170212,376,6,0
铅钡,25,20,0.1095890410958904,365,6,0
铅钡,25,23,0.42091152815013405,373,6,0
铅钡,25,24,0.23837209302325582,344,6,0
铅钡,25,25,1.0,579,6,0
铅钡,25,26,0.0026666666666666666,375,6,0
铅钡,25,28,0.0948509485094851,369,6,0
铅钡,25,29,0.08222811671087533,377,6,0
铅钡,25,30,0.38292011019283745,363,6,0
铅钡,25,31,0.3038961038961039,385,6,0
铅钡,25,32,0.35945945945945945,370,6,0
铅钡,25,33,0.49056603773584906,371,6,0
铅钡,25,34,0.41823056300268097,373,6,0
铅钡,25,35,0.0935672514619883,342,6,0
铅钡,25,36,0.38526912181303113,353,6,0
铅钡,25,37,0.3324607329842932,382,6,0
铅钡,25,38,0.29461756373937675,353,6,0
铅钡,25,39,0.2103825136612022,366,6,0
铅钡,25,40,0.06685236768802229,359,6,0
铅钡,25,41,0.06593406593406594,364,6,0
铅钡,25,42,0.3698630136986301,365,6,0
铅钡,25,43,0.09243697478991597,357,6,0
铅钡,25,44,0.09893048128342247,374,6,0
铅钡,25,45,0.2868421052631579,380,6,0
铅钡,25,46,0.45217391304347826,345,6,0
铅钡,25,47,0.5471204188481675,382,6,0
铅钡,25,48,0.10079575596816977,377,6,0
铅钡,25,49,0.3,360,6,0
铅钡,25,50,0.21022727272727273,352,6,0
铅钡,25,51,0.18681318681318682,364,6,0
铅钡,25,52,0.13764044943820225,356,6,0
铅钡,25,53,0.2292817679558011,362,6,0
铅钡,25,54,0.18181818181818182,374,6,0
铅钡,25,55,0.8689839572192514,374,6,0
铅钡,25,56,0.4861111111111111,360,6,0
铅钡,25,57,0.40285714285714286,350,6,0
铅钡,25,58,0.17032967032967034,364,6,0
铅钡,26,02,0.015151515151515152,396,6,0
铅钡,26,08,1.0,402,6,0
铅钡,26,11,0.18207282913165265,357,6,0
铅钡,26,19,0.09414758269720101,393,6,0
铅钡,26,20,0.1585677749360614,391,6,0
铅钡,26,23,0.07012987012987013,385,6,0
铅钡,26,24,0.43010752688172044,372,6,0
铅钡,26,25,0.0026666666666666666,375,6,0
铅钡,26,26,1.0,608,6,0
铅钡,26,28,0.0,389,6,0
铅钡,26,29,0.0,395,6,0
铅钡,26,30,0.02313624678663239,389,6,0
铅钡,26,31,0.0,391,6,0
铅钡,26,32,0.0,395,6,0
铅钡,26,33,0.0,396,6,0
铅钡,26,34,0.010443864229765013,383,6,0
铅钡,26,35,0.0,371,6,0
铅钡,26,36,0.002531645569620253,395,6,0
铅钡,26,37,0.06598984771573604,394,6,0
铅钡,26,38,0.0,368,6,0
铅钡,26,39,0.1282051282051282,390,6,0
铅钡,26,40,0.08488063660477453,377,6,0
铅钡,26,41,0.1,380,6,0
铅钡,26,42,0.042105263157894736,380,6,0
铅钡,26,43,0.1595744680851064,376,6,0
铅钡,26,44,0.0,399,6,0
铅钡,26,45,0.0025252525252525255,396,6,0
铅钡,26,46,0.0,375,6,0
铅钡,26,47,0.007425742574257425,404,6,0
铅钡,26,48,0.0,377,6,0
铅钡,26,49,0.032432432432432434,370,6,0
铅钡,26,50,0.04076086956521739,368,6,0
铅钡,26,51,0.07088607594936709,395,6,0
铅钡,26,52,0.05235602094240838,382,6,0
铅钡,26,53,0.005154639175257732,388,6,0
铅钡,26,54,0.12266666666666666,375,6,0
铅钡,26,55,0.019753086419753086,405,6,0
铅钡,26,56,0.05641025641025641,390,6,0
铅钡,26,57,0.09615384615384616,364,6,0
铅钡,26,58,0.10626702997275204,367,6,0
铅钡,28,02,0.0835509138381201,383,6,0
铅钡,28,08,0.0,417,6,0
铅钡,28,11,0.011235955056179775,356,6,0
铅钡,28,19,0.013404825737265416,373,6,0
铅钡,28,20,0.04473684210526316,380,6,0
铅钡,28,23,0.029023746701846966,379,6,0
铅钡,28,24,0.0,361,6,0
铅钡,28,25,0.0948509485094851,369,6,0
铅钡,28,26,0.0,389,6,0
铅钡,28,28,1.0,602,6,0
铅钡,28,29,0.7908163265306123,392,6,0
铅钡,28,30,0.09259259259259259,378,6,0
铅钡,28,31,0.272264631043257,393,6,0
铅钡,28,32,0.18635170603674542,381,6,0
铅钡,28,33,0.33246753246753247,385,6,0
铅钡,28,34,0.010126582278481013,395,6,0
铅钡,28,35,0.23013698630136986,365,6,0
铅钡,28,36,0.016172506738544475,371,6,0
铅钡,28,37,0.11386138613861387,404,6,0
铅钡,28,38,0.016304347826086956,368,6,0
铅钡,28,39,0.02406417112299465,374,6,0
铅钡,28,40,0.005194805194805195,385,6,0
铅钡,28,41,0.03598971722365039,389,6,0
铅钡,28,42,0.1111111111111111,387,6,0
铅钡,28,43,0.0025575447570332483,391,6,0
铅钡,28,44,0.8900523560209425,382,6,0
铅钡,28,45,0.5412371134020618,388,6,0
铅钡,28,46,0.3633879781420765,366,6,0
铅钡,28,47,0.1554959785522788,373,6,0
铅钡,28,48,0.810880829015544,386,6,0
铅钡,28,49,0.27319587628865977,388,6,0
铅钡,28,50,0.013550135501355014,369,6,0
铅钡,28,51,0.013623978201634877,367,6,0
铅钡,28,52,0.008,375,6,0
铅钡,28,53,0.5688311688311688,385,6,0
铅钡,28,54,0.002688172043010753,372,6,0
铅钡,28,55,0.07575757575757576,396,6,0
铅钡,28,56,0.021052631578947368,380,6,0
铅钡,28,57,0.011299435028248588,354,6,0
铅钡,28,58,0.013513513513513514,370,6,0
铅钡,29,02,0.05569620253164557,395,6,0
铅钡,29,08,0.0,421,6,0
铅钡,29,11,0.011527377521613832,347,6,0
铅钡,29,19,0.012755102040816327,392,6,0
铅钡,29,20,0.03359173126614987,387,6,0
铅钡,29,23,0.021108179419525065,379,6,0
铅钡,29,24,0.005479452054794521,365,6,0
铅钡,29,25,0.08222811671087533,377,6,0
铅钡,29,26,0.0,395,6,0
铅钡,29,28,0.7908163265306123,392,6,0
铅钡,29,29,1.0,605,6,0
铅钡,29,30,0.08205128205128205,390,6,0
铅钡,29,31,0.2708860759493671,395,6,0
铅钡,29,32,0.10106382978723404,376,6,0
铅钡,29,33,0.25380710659898476,394,6,0
铅钡,29,34,0.010498687664041995,381,6,0
铅钡,29,35,0.0673854447439353,371,6,0
铅钡,29,36,0.013157894736842105,380,6,0
铅钡,29,37,0.04455445544554455,404,6,0
铅钡,29,38,0.013812154696132596,362,6,0
铅钡,29,39,0.010498687664041995,381,6,0
铅钡,29,40,0.0027100271002710027,369,6,0
铅钡,29,41,0.015189873417721518,395,6,0
铅钡,29,42,0.04591836734693878,392,6,0
铅钡,29,43,0.005208333333333333,384,6,0
铅钡,29,44,0.887468030690537,391,6,0
铅钡,29,45,0.35309278350515466,388,6,0
铅钡,29,46,0.26063829787234044,376,6,0
铅钡,29,47,0.09975062344139651,401,6,0
铅钡,29,48,0.9683377308707124,379,6,0
铅钡,29,49,0.2684931506849315,365,6,0
铅钡,29,50,0.005249343832020997,381,6,0
铅钡,29,51,0.005154639175257732,388,6,0
铅钡,29,52,0.0,375,6,0
铅钡,29,53,0.3779527559055118,381,6,0
铅钡,29,54,0.0026666666666666666,375,6,0
铅钡,29,55,0.07397959183673469,392,6,0
铅钡,29,56,0.012919896640826873,387,6,0
铅钡,29,57,0.002770083102493075,361,6,0
铅钡,29,58,0.002824858757062147,354,6,0
铅钡,30,02,0.6368286445012787,391,6,0
铅钡,30,08,0.02336448598130841,428,6,0
铅钡,30,11,0.2506811989100817,367,6,0
铅钡,30,19,0.4476439790575916,382,6,0
铅钡,30,20,0.1518324607329843,382,6,0
铅钡,30,23,0.10103626943005181,386,6,0
铅钡,30,24,0.03494623655913978,372,6,0
铅钡,30,25,0.38292011019283745,363,6,0
铅钡,30,26,0.02313624678663239,389,6,0
铅钡,30,28,0.09259259259259259,378,6,0
铅钡,30,29,0.08205128205128205,390,6,0
铅钡,30,30,1.0,607,6,0
铅钡,30,31,0.3407960199004975,402,6,0
铅钡,30,32,0.06684491978609626,374,6,0
铅钡,30,33,0.1076923076923077,390,6,0
铅钡,30,34,0.12345679012345678,405,6,0
铅钡,30,35,0.01871657754010695,374,6,0
铅钡,30,36,0.12176165803108809,386,6,0
铅钡,30,37,0.10301507537688442,398,6,0
铅钡,30,38,0.125,368,6,0
铅钡,30,39,0.13624678663239073,389,6,0
铅钡,30,40,0.07608695652173914,368,6,0
铅钡,30,41,0.475,400,6,0
铅钡,30,42,0.06068601583113457,379,6,0
铅钡,30,43,0.27114427860696516,402,6,0
铅钡,30,44,0.08184143222506395,391,6,0
铅钡,30,45,0.11335012594458438,397,6,0
铅钡,30,46,0.20207253886010362,386,6,0
铅钡,30,47,0.2421875,384,6,0
铅钡,30,48,0.11904761904761904,378,6,0
铅钡,30,49,0.6322751322751323,378,6,0
铅钡,30,50,0.43466666666666665,375,6,0
铅钡,30,51,0.446524064171123,374,6,0
铅钡,30,52,0.15926892950391644,383,6,0
铅钡,30,53,0.10569105691056911,369,6,0
铅钡,30,54,0.3967828418230563,373,6,0
铅钡,30,55,0.26184538653366585,401,6,0
铅钡,30,56,0.31746031746031744,378,6,0
铅钡,30,57,0.3058510638297872,376,6,0
铅钡,30,58,0.3753280839895013,381,6,0
铅钡,31,02,0.29310344827586204,406,6,0
铅钡,31,08,0.0,422,6,0
铅钡,31,11,0.06666666666666667,360,6,0
铅钡,31,19,0.05128205128205128,390,6,0
铅钡,31,20,0.08860759493670886,395,6,0
铅钡,31,23,0.1796875,384,6,0
铅钡,31,24,0.024,375,6,0
铅钡,31,25,0.3038961038961039,385,6,0
铅钡,31,26,0.0,391,6,0
铅钡,31,28,0.272264631043257,393,6,0
铅钡,31,29,0.2708860759493671,395,6,0
铅钡,31,30,0.3407960199004975,402,6,0
铅钡,31,31,1.0,618,6,0
铅钡,31,32,0.4155844155844156,385,6,0
铅钡,31,33,0.5219512195121951,410,6,0
铅钡,31,34,0.009852216748768473,406,6,0
铅钡,31,35,0.10335917312661498,387,6,0
铅钡,31,36,0.01804123711340206,388,6,0
铅钡,31,37,0.178743961352657,414,6,0
铅钡,31,38,0.002652519893899204,377,6,0
铅钡,31,39,0.02564102564102564,390,6,0
铅钡,31,40,0.002617801047120419,382,6,0
铅钡,31,41,0.21588089330024815,403,6,0
铅钡,31,42,0.125,392,6,0
铅钡,31,43,0.010075566750629723,397,6,0
铅钡,31,44,0.2617283950617284,405,6,0
铅钡,31,45,0.39518072289156625,415,6,0
铅钡,31,46,0.36855670103092786,388,6,0
铅钡,31,47,0.27692307692307694,390,6,0
铅钡,31,48,0.25380710659898476,394,6,0
铅钡,31,49,0.5430809399477807,383,6,0
铅钡,31,50,0.012953367875647668,386,6,0
铅钡,31,51,0.012468827930174564,401,6,0
铅钡,31,52,0.002506265664160401,399,6,0
铅钡,31,53,0.38046272493573263,389,6,0
铅钡,31,54,0.015384615384615385,390,6,0
铅钡,31,55,0.18886198547215496,413,6,0
铅钡,31,56,0.047979797979797977,396,6,0
铅钡,31,57,0.034759358288770054,374,6,0
铅钡,31,58,0.029411764705882353,374,6,0
铅钡,32,02,0.17539267015706805,382,6,0
铅钡,32,08,0.0,409,6,0
铅钡,32,11,0.09348441926345609,353,6,0
铅钡,32,19,0.013054830287206266,383,6,0
铅钡,32,20,0.042328042328042326,378,6,0
铅钡,32,23,0.3484042553191489,376,6,0
铅钡,32,24,0.17094017094017094,351,6,0
铅钡,32,25,0.35945945945945945,370,6,0
铅钡,32,26,0.0,395,6,0
铅钡,32,28,0.18635170603674542,381,6,0
铅钡,32,29,0.10106382978723404,376,6,0
铅钡,32,30,0.06684491978609626,374,6,0
铅钡,32,31,0.4155844155844156,385,6,0
铅钡,32,32,1.0,593,6,0
铅钡,32,33,0.7493261455525606,371,6,0
铅钡,32,34,0.07506702412868632,373,6,0
铅钡,32,35,0.5649717514124294,354,6,0
铅钡,32,36,0.09577464788732394,355,6,0
铅钡,32,37,0.3,400,6,0
铅钡,32,38,0.049586776859504134,363,6,0
铅钡,32,39,0.01876675603217158,373,6,0
铅钡,32,40,0.0,374,6,0
铅钡,32,41,0.18253968253968253,378,6,0
铅钡,32,42,0.3064935064935065,385,6,0
铅钡,32,43,0.002570694087403599,389,6,0
铅钡,32,44,0.1260053619302949,373,6,0
铅钡,32,45,0.3549222797927461,386,6,0
铅钡,32,46,0.4837837837837838,370,6,0
铅钡,32,47,0.5283018867924528,371,6,0
铅钡,32,48,0.08446866485013624,367,6,0
铅钡,32,49,0.22010869565217392,368,6,0
铅钡,32,50,0.008174386920980926,367,6,0
铅钡,32,51,0.005305039787798408,377,6,0
铅钡,32,52,0.0,366,6,0
铅钡,32,53,0.328,375,6,0
铅钡,32,54,0.0027397260273972603,365,6,0
铅钡,32,55,0.32727272727272727,385,6,0
铅钡,32,56,0.061170212765957445,376,6,0
铅钡,32,57,0.03591160220994475,362,6,0
铅钡,32,58,0.008310249307479225,361,6,0
铅钡,33,02,0.04785894206549118,397,6,0
铅钡,33,08,0.0024630541871921183,406,6,0
铅钡,33,11,0.08831908831908832,351,6,0
铅钡,33,19,0.007792207792207792,385,6,0
铅钡,33,20,0.03684210526315789,380,6,0
铅钡,33,23,0.30933333333333335,375,6,0
铅钡,33,24,0.14794520547945206,365,6,0
铅钡,33,25,0.49056603773584906,371,6,0
铅钡,33,26,0.0,396,6,0
铅钡,33,28,0.33246753246753247,385,6,0
铅钡,33,29,0.25380710659898476,394,6,0
铅钡,33,30,0.1076923076923077,390,6,0
铅钡,33,31,0.5219512195121951,410,6,0
铅钡,33,32,0.7493261455525606,371,6,0
铅钡,33,33,1.0,608,6,0
铅钡,33,34,0.08877284595300261,383,6,0
铅钡,33,35,0.2568306010928962,366,6,0
铅钡,33,36,0.15844155844155844,385,6,0
铅钡,33,37,0.3261904761904762,420,6,0
铅钡,33,38,0.08196721311475409,366,6,0
铅钡,33,39,0.03367875647668394,386,6,0
铅钡,33,40,0.005263157894736842,380,6,0
铅钡,33,41,0.03598971722365039,389,6,0
铅钡,33,42,0.34704370179948585,389,6,0
铅钡,33,43,0.005333333333333333,375,6,0
铅钡,33,44,0.3148614609571788,397,6,0
铅钡,33,45,0.655940594059406,404,6,0
铅钡,33,46,0.7714285714285715,385,6,0
铅钡,33,47,0.7037974683544304,395,6,0
铅钡,33,48,0.2725,400,6,0
铅钡,33,49,0.375,376,6,0
铅钡,33,50,0.029649595687331536,371,6,0
铅钡,33,51,0.043701799485861184,389,6,0
铅钡,33,52,0.013333333333333334,375,6,0
铅钡,33,53,0.6214833759590793,391,6,0
铅钡,33,54,0.035422343324250684,367,6,0
铅钡,33,55,0.44282238442822386,411,6,0
铅钡,33,56,0.1038961038961039,385,6,0
铅钡,33,57,0.05121293800539083,371,6,0
铅钡,33,58,0.008174386920980926,367,6,0
铅钡,34,02,0.02,400,6,0
铅钡,34,08,0.030878859857482184,421,6,0
铅钡,34,11,0.16847826086956522,368,6,0
铅钡,34,19,0.15267175572519084,393,6,0
铅钡,34,20,0.16578947368421051,380,6,0
铅钡,34,23,0.2601626016260163,369,6,0
铅钡,34,24,0.21333333333333335,375,6,0
铅钡,34,25,0.41823056300268097,373,6,0
铅钡,34,26,0.010443864229765013,383,6,0
铅钡,34,28,0.010126582278481013,395,6,0
铅钡,34,29,0.010498687664041995,381,6,0
铅钡,34,30,0.12345679012345678,405,6,0
铅钡,34,31,0.009852216748768473,406,6,0
铅钡,34,32,0.07506702412868632,373,6,0
铅钡,34,33,0.08877284595300261,383,6,0
铅钡,34,34,1.0,607,6,0
铅钡,34,35,0.29427792915531337,367,6,0
铅钡,34,36,0.9090909090909091,374,6,0
铅钡,34,37,0.25,400,6,0
铅钡,34,38,0.8798882681564246,358,6,0
铅钡,34,39,0.36533333333333334,375,6,0
铅钡,34,40,0.2770448548812665,379,6,0
铅钡,34,41,0.015037593984962405,399,6,0
铅钡,34,42,0.306282722513089,382,6,0
铅钡,34,43,0.16321243523316062,386,6,0
铅钡,34,44,0.005221932114882507,383,6,0
铅钡,34,45,0.03655352480417755,383,6,0
铅钡,34,46,0.1566579634464752,383,6,0
铅钡,34,47,0.24935064935064935,385,6,0
铅钡,34,48,0.0053475935828877,374,6,0
铅钡,34,49,0.03208556149732621,374,6,0
铅钡,34,50,0.3900523560209424,382,6,0
铅钡,34,51,0.3359375,384,6,0
铅钡,34,52,0.4845360824742268,388,6,0
铅钡,34,53,0.02577319587628866,388,6,0
铅钡,34,54,0.2649350649350649,385,6,0
铅钡,34,55,0.49747474747474746,396,6,0
铅钡,34,56,0.6068601583113457,379,6,0
铅钡,34,57,0.5840220385674931,363,6,0
铅钡,34,58,0.20588235294117646,374,6,0
铅钡,35,02,0.06951871657754011,374,6,0
铅钡,35,08,0.004901960784313725,408,6,0
铅钡,35,11,0.027855153203342618,359,6,0
铅钡,35,19,0.0,359,6,0
铅钡,35,20,0.011267605633802818,355,6,0
铅钡,35,23,0.1196808510638298,376,6,0
铅钡,35,24,0.07736389684813753,349,6,0
铅钡,35,25,0.0935672514619883,342,6,0
铅钡,35,26,0.0,371,6,0
铅钡,35,28,0.23013698630136986,365,6,0
铅钡,35,29,0.0673854447439353,371,6,0
铅钡,35,30,0.01871657754010695,374,6,0
铅钡,35,31,0.10335917312661498,387,6,0
铅钡,35,32,0.5649717514124294,354,6,0
铅钡,35,33,0.2568306010928962,366,6,0
铅钡,35,34,0.29427792915531337,367,6,0
铅钡,35,35,1.0,584,6,0
铅钡,35,36,0.37066666666666664,375,6,0
铅钡,35,37,0.05141388174807198,389,6,0
铅钡,35,38,0.37746478873239436,355,6,0
铅钡,35,39,0.0633245382585752,379,6,0
铅钡,35,40,0.11388888888888889,360,6,0
铅钡,35,41,0.079155672823219,379,6,0
铅钡,35,42,0.05737704918032787,366,6,0
铅钡,35,43,0.005235602094240838,382,6,0
铅钡,35,44,0.09066666666666667,375,6,0
铅钡,35,45,0.16449086161879894,383,6,0
铅钡,35,46,0.17073170731707318,369,6,0
铅钡,35,47,0.25065963060686014,379,6,0
铅钡,35,48,0.05333333333333334,375,6,0
铅钡,35,49,0.057065217391304345,368,6,0
铅钡,35,50,0.07202216066481995,361,6,0
铅钡,35,51,0.03672316384180791,354,6,0
铅钡,35,52,0.2222222222222222,369,6,0
铅钡,35,53,0.14325068870523416,363,6,0
铅钡,35,54,0.03142857142857143,350,6,0
铅钡,35,55,0.15463917525773196,388,6,0
铅钡,35,56,0.11140583554376658,377,6,0
铅钡,35,57,0.08379888268156424,358,6,0
铅钡,35,58,0.0028328611898017,353,6,0
铅钡,36,02,0.01020408163265306,392,6,0
铅钡,36,08,0.010075566750629723,397,6,0
铅钡,36,11,0.09831460674157304,356,6,0
铅钡,36,19,0.037333333333333336,375,6,0
铅钡,36,20,0.05361930294906166,373,6,0
铅钡,36,23,0.1640625,384,6,0
铅钡,36,24,0.22,350,6,0
铅钡,36,25,0.38526912181303113,353,6,0
铅钡,36,26,0.002531645569620253,395,6,0
铅钡,36,28,0.016172506738544475,371,6,0
铅钡,36,29,0.013157894736842105,380,6,0
铅钡,36,30,0.12176165803108809,386,6,0
铅钡,36,31,0.01804123711340206,388,6,0
铅钡,36,32,0.09577464788732394,355,6,0
铅钡,36,33,0.15844155844155844,385,6,0
铅钡,36,34,0.9090909090909091,374,6,0
铅钡,36,35,0.37066666666666664,375,6,0
铅钡,36,36,1.0,594,6,0
铅钡,36,37,0.14249363867684478,393,6,0
铅钡,36,38,0.9354838709677419,372,6,0
铅钡,36,39,0.353099730458221,371,6,0
铅钡,36,40,0.3333333333333333,360,6,0
铅钡,36,41,0.01634877384196185,367,6,0
铅钡,36,42,0.20053475935828877,374,6,0
铅钡,36,43,0.0703125,384,6,0
铅钡,36,44,0.007792207792207792,385,6,0
铅钡,36,45,0.06923076923076923,390,6,0
铅钡,36,46,0.23759791122715404,383,6,0
铅钡,36,47,0.3451086956521739,368,6,0
铅钡,36,48,0.01358695652173913,368,6,0
铅钡,36,49,0.05026455026455026,378,6,0
铅钡,36,50,0.4745308310991957,373,6,0
铅钡,36,51,0.42021276595744683,376,6,0
铅钡,36,52,0.6054054054054054,370,6,0
铅钡,36,53,0.04864864864864865,370,6,0
铅钡,36,54,0.29301075268817206,372,6,0
铅钡,36,55,0.5038759689922481,387,6,0
铅钡,36,56,0.612565445026178,382,6,0
铅钡,36,57,0.5989159891598916,369,6,0
铅钡,36,58,0.054945054945054944,364,6,0
铅钡,37,02,0.02631578947368421,418,6,0
铅钡,37,08,0.08536585365853659,410,6,0
铅钡,37,11,0.4477211796246649,373,6,0
铅钡,37,19,0.29207920792079206,404,6,0
铅钡,37,20,0.6025,400,6,0
铅钡,37,23,0.9072164948453608,388,6,0
铅钡,37,24,0.32707774798927614,373,6,0
铅钡,37,25,0.3324607329842932,382,6,0
铅钡,37,26,0.06598984771573604,394,6,0
铅钡,37,28,0.11386138613861387,404,6,0
铅钡,37,29,0.04455445544554455,404,6,0
铅钡,37,30,0.10301507537688442,398,6,0
铅钡,37,31,0.178743961352657,414,6,0
铅钡,37,32,0.3,400,6,0
铅钡,37,33,0.3261904761904762,420,6,0
铅钡,37,34,0.25,400,6,0
铅钡,37,35,0.05141388174807198,389,6,0
铅钡,37,36,0.14249363867684478,393,6,0
铅钡,37,37,1.0,627,6,0
铅钡,37,38,0.11398963730569948,386,6,0
铅钡,37,39,0.08208955223880597,402,6,0
铅钡,37,40,0.027989821882951654,393,6,0
铅钡,37,41,0.0024630541871921183,406,6,0
铅钡,37,42,0.8944723618090452,398,6,0
铅钡,37,43,0.19402985074626866,402,6,0
铅钡,37,44,0.07542579075425791,411,6,0
铅钡,37,45,0.3175,400,6,0
铅钡,37,46,0.3225,400,6,0
铅钡,37,47,0.30392156862745096,408,6,0
铅钡,37,48,0.07575757575757576,396,6,0
铅钡,37,49,0.08010335917312661,387,6,0
铅钡,37,50,0.05235602094240838,382,6,0
铅钡,37,51,0.04071246819338423,393,6,0
铅钡,37,52,0.035623409669211195,393,6,0
铅钡,37,53,0.2653061224489796,392,6,0
铅钡,37,54,0.043478260869565216,391,6,0
铅钡,37,55,0.2863849765258216,426,6,0
铅钡,37,56,0.16112531969309463,391,6,0
铅钡,37,57,0.17223650385604114,389,6,0
铅钡,37,58,0.2997416020671835,387,6,0
铅钡,38,02,0.016042780748663103,374,6,0
铅钡,38,08,0.01015228426395939,394,6,0
铅钡,38,11,0.05917159763313609,338,6,0
铅钡,38,19,0.05027932960893855,358,6,0
铅钡,38,20,0.06371191135734072,361,6,0
铅钡,38,23,0.10989010989010989,364,6,0
铅钡,38,24,0.1751412429378531,354,6,0
铅钡,38,25,0.29461756373937675,353,6,0
铅钡,38,26,0.0,368,6,0
铅钡,38,28,0.016304347826086956,368,6,0
铅钡,38,29,0.013812154696132596,362,6,0
铅钡,38,30,0.125,368,6,0
铅钡,38,31,0.002652519893899204,377,6,0
铅钡,38,32,0.049586776859504134,363,6,0
铅钡,38,33,0.08196721311475409,366,6,0
铅钡,38,34,0.8798882681564246,358,6,0
铅钡,38,35,0.37746478873239436,355,6,0
铅钡,38,36,0.9354838709677419,372,6,0
铅钡,38,37,0.11398963730569948,386,6,0
铅钡,38,38,1.0,575,6,0
铅钡,38,39,0.4017094017094017,351,6,0
铅钡,38,40,0.3989071038251366,366,6,0
铅钡,38,41,0.013736263736263736,364,6,0
铅钡,38,42,0.16853932584269662,356,6,0
铅钡,38,43,0.07356948228882834,367,6,0
铅钡,38,44,0.0027548209366391185,363,6,0
铅钡,38,45,0.03225806451612903,372,6,0
铅钡,38,46,0.1452513966480447,358,6,0
铅钡,38,47,0.2585227272727273,352,6,0
铅钡,38,48,0.00558659217877095,358,6,0
铅钡,38,49,0.0273972602739726,365,6,0
铅钡,38,50,0.46831955922865015,363,6,0
铅钡,38,51,0.3788300835654596,359,6,0
铅钡,38,52,0.6555555555555556,360,6,0
铅钡,38,53,0.019178082191780823,365,6,0
铅钡,38,54,0.3194444444444444,360,6,0
铅钡,38,55,0.42819148936170215,376,6,0
铅钡,38,56,0.5828729281767956,362,6,0
铅钡,38,57,0.5612535612535613,351,6,0
铅钡,38,58,0.06779661016949153,354,6,0
铅钡,39,02,0.027848101265822784,395,6,0
铅钡,39,08,0.11951219512195121,410,6,0
铅钡,39,11,0.045714285714285714,350,6,0
铅钡,39,19,0.047244094488188976,381,6,0
铅钡,39,20,0.07123287671232877,365,6,0
铅钡,39,23,0.13101604278074866,374,6,0
铅钡,39,24,0.12034383954154727,349,6,0
铅钡,39,25,0.2103825136612022,366,6,0
铅钡,39,26,0.1282051282051282,390,6,0
铅钡,39,28,0.02406417112299465,374,6,0
铅钡,39,29,0.010498687664041995,381,6,0
铅钡,39,30,0.13624678663239073,389,6,0
铅钡,39,31,0.02564102564102564,390,6,0
铅钡,39,32,0.01876675603217158,373,6,0
铅钡,39,33,0.03367875647668394,386,6,0
铅钡,39,34,0.36533333333333334,375,6,0
铅钡,39,35,0.0633245382585752,379,6,0
铅钡,39,36,0.353099730458221,371,6,0
铅钡,39,37,0.08208955223880597,402,6,0
铅钡,39,38,0.4017094017094017,351,6,0
铅钡,39,39,1.0,594,6,0
铅钡,39,40,0.7783783783783784,370,6,0
铅钡,39,41,0.056265984654731455,391,6,0
铅钡,39,42,0.05511811023622047,381,6,0
铅钡,39,43,0.1056701030927835,388,6,0
铅钡,39,44,0.012853470437017995,389,6,0
铅钡,39,45,0.015625,384,6,0
铅钡,39,46,0.03753351206434316,373,6,0
铅钡,39,47,0.1566579634464752,383,6,0
铅钡,39,48,0.016129032258064516,372,6,0
铅钡,39,49,0.03561643835616438,365,6,0
铅钡,39,50,0.33421750663129973,377,6,0
铅钡,39,51,0.31351351351351353,370,6,0
铅钡,39,52,0.4945054945054945,364,6,0
铅钡,39,53,0.0326975476839237,367,6,0
铅钡,39,54,0.3945945945945946,370,6,0
铅钡,39,55,0.3442211055276382,398,6,0
铅钡,39,56,0.5670886075949367,395,6,0
铅钡,39,57,0.553072625698324,358,6,0
铅钡,39,58,0.039886039886039885,351,6,0
铅钡,40,02,0.010610079575596816,377,6,0
铅钡,40,08,0.05583756345177665,394,6,0
铅钡,40,11,0.036931818181818184,352,6,0
铅钡,40,19,0.05093833780160858,373,6,0
铅钡,40,20,0.02981029810298103,369,6,0
铅钡,40,23,0.04395604395604396,364,6,0
铅钡,40,24,0.04748603351955307,358,6,0
铅钡,40,25,0.06685236768802229,359,6,0
铅钡,40,26,0.08488063660477453,377,6,0
铅钡,40,28,0.005194805194805195,385,6,0
铅钡,40,29,0.0027100271002710027,369,6,0
铅钡,40,30,0.07608695652173914,368,6,0
铅钡,40,31,0.002617801047120419,382,6,0
铅钡,40,32,0.0,374,6,0
铅钡,40,33,0.005263157894736842,380,6,0
铅钡,40,34,0.2770448548812665,379,6,0
铅钡,40,35,0.11388888888888889,360,6,0
铅钡,40,36,0.3333333333333333,360,6,0
铅钡,40,37,0.027989821882951654,393,6,0
铅钡,40,38,0.3989071038251366,366,6,0
铅钡,40,39,0.7783783783783784,370,6,0
铅钡,40,40,1.0,585,6,0
铅钡,40,41,0.0316622691292876,379,6,0
铅钡,40,42,0.021108179419525065,379,6,0
铅钡,40,43,0.11842105263157894,380,6,0
铅钡,40,44,0.0026246719160104987,381,6,0
铅钡,40,45,0.005221932114882507,383,6,0
铅钡,40,46,0.016129032258064516,372,6,0
铅钡,40,47,0.05994550408719346,367,6,0
铅钡,40,48,0.00267379679144385,374,6,0
铅钡,40,49,0.016574585635359115,362,6,0
铅钡,40,50,0.3068181818181818,352,6,0
铅钡,40,51,0.23529411764705882,357,6,0
铅钡,40,52,0.7893258426966292,356,6,0
铅钡,40,53,0.002680965147453083,373,6,0
铅钡,40,54,0.3002754820936639,363,6,0
铅钡,40,55,0.14397905759162305,382,6,0
铅钡,40,56,0.2821917808219178,365,6,0
铅钡,40,57,0.2535211267605634,355,6,0
铅钡,40,58,0.06571428571428571,350,6,0
铅钡,41,02,0.7755610972568578,401,6,0
铅钡,41,08,0.12971698113207547,424,6,0
铅钡,41,11,0.1565934065934066,364,6,0
铅钡,41,19,0.2125984251968504,381,6,0
铅钡,41,20,0.046511627906976744,387,6,0
铅钡,41,23,0.0027100271002710027,369,6,0
铅钡,41,24,0.03333333333333333,360,6,0
铅钡,41,25,0.06593406593406594,364,6,0
铅钡,41,26,0.1,380,6,0
铅钡,41,28,0.03598971722365039,389,6,0
铅钡,41,29,0.015189873417721518,395,6,0
铅钡,41,30,0.475,400,6,0
铅钡,41,31,0.21588089330024815,403,6,0
铅钡,41,32,0.18253968253968253,378,6,0
铅钡,41,33,0.03598971722365039,389,6,0
铅钡,41,34,0.015037593984962405,399,6,0
铅钡,41,35,0.079155672823219,379,6,0
铅钡,41,36,0.01634877384196185,367,6,0
铅钡,41,37,0.0024630541871921183,406,6,0
铅钡,41,38,0.013736263736263736,364,6,0
铅钡,41,39,0.056265984654731455,391,6,0
铅钡,41,40,0.0316622691292876,379,6,0
铅钡,41,41,1.0,609,6,0
铅钡,41,42,0.007957559681697613,377,6,0
铅钡,41,43,0.2807017543859649,399,6,0
铅钡,41,44,0.027707808564231738,397,6,0
铅钡,41,45,0.02763819095477387,398,6,0
铅钡,41,46,0.0582010582010582,378,6,0
铅钡,41,47,0.041343669250646,387,6,0
铅钡,41,48,0.023316062176165803,386,6,0
铅钡,41,49,0.38133333333333336,375,6,0
铅钡,41,50,0.19946808510638298,376,6,0
铅钡,41,51,0.31693989071038253,366,6,0
铅钡,41,52,0.07253886010362694,386,6,0
铅钡,41,53,0.03608247422680412,388,6,0
铅钡,41,54,0.3421750663129973,377,6,0
铅钡,41,55,0.04314720812182741,394,6,0
铅钡,41,56,0.08785529715762273,387,6,0
铅钡,41,57,0.1002710027100271,369,6,0
铅钡,41,58,0.21153846153846154,364,6,0
铅钡,42,02,0.023255813953488372,387,6,0
铅钡,42,08,0.06619385342789598,423,6,0
铅钡,42,11,0.45892351274787535,353,6,0
铅钡,42,19,0.3333333333333333,384,6,0
铅钡,42,20,0.5744125326370757,383,6,0
铅钡,42,23,0.7154471544715447,369,6,0
铅钡,42,24,0.3435754189944134,358,6,0
铅钡,42,25,0.3698630136986301,365,6,0
铅钡,42,26,0.042105263157894736,380,6,0
铅钡,42,28,0.1111111111111111,387,6,0
铅钡,42,29,0.04591836734693878,392,6,0
铅钡,42,30,0.06068601583113457,379,6,0
铅钡,42,31,0.125,392,6,0
铅钡,42,32,0.3064935064935065,385,6,0
铅钡,42,33,0.34704370179948585,389,6,0
铅钡,42,34,0.306282722513089,382,6,0
铅钡,42,35,0.05737704918032787,366,6,0
铅钡,42,36,0.20053475935828877,374,6,0
铅钡,42,37,0.8944723618090452,398,6,0
铅钡,42,38,0.16853932584269662,356,6,0
铅钡,42,39,0.05511811023622047,381,6,0
铅钡,42,40,0.021108179419525065,379,6,0
铅钡,42,41,0.007957559681697613,377,6,0
铅钡,42,42,1.0,598,6,0
铅钡,42,43,0.24202127659574468,376,6,0
铅钡,42,44,0.0870712401055409,379,6,0
铅钡,42,45,0.28720626631853785,383,6,0
铅钡,42,46,0.43010752688172044,372,6,0
铅钡,42,47,0.31958762886597936,388,6,0
铅钡,42,48,0.08951406649616368,391,6,0
铅钡,42,49,0.12087912087912088,364,6,0
铅钡,42,50,0.07552083333333333,384,6,0
铅钡,42,51,0.06451612903225806,372,6,0
铅钡,42,52,0.044386422976501305,383,6,0
铅钡,42,53,0.2794871794871795,390,6,0
铅钡,42,54,0.06406685236768803,359,6,0
铅钡,42,55,0.2948717948717949,390,6,0
铅钡,42,56,0.12987012987012986,385,6,0
铅钡,42,57,0.125,360,6,0
铅钡,42,58,0.33242506811989103,367,6,0
铅钡,43,02,0.11450381679389313,393,6,0
铅钡,43,08,0.24105011933174225,419,6,0
铅钡,43,11,0.5190217391304348,368,6,0
铅钡,43,19,0.7783505154639175,388,6,0
铅钡,43,20,0.30319148936170215,376,6,0
铅钡,43,23,0.15508021390374332,374,6,0
铅钡,43,24,0.15803814713896458,367,6,0
铅钡,43,25,0.09243697478991597,357,6,0
铅钡,43,26,0.1595744680851064,376,6,0
铅钡,43,28,0.0025575447570332483,391,6,0
铅钡,43,29,0.005208333333333333,384,6,0
铅钡,43,30,0.27114427860696516,402,6,0
铅钡,43,31,0.010075566750629723,397,6,0
铅钡,43,32,0.002570694087403599,389,6,0
铅钡,43,33,0.005333333333333333,375,6,0
铅钡,43,34,0.16321243523316062,386,6,0
铅钡,43,35,0.005235602094240838,382,6,0
铅钡,43,36,0.0703125,384,6,0
铅钡,43,37,0.19402985074626866,402,6,0
铅钡,43,38,0.07356948228882834,367,6,0
铅钡,43,39,0.1056701030927835,388,6,0
铅钡,43,40,0.11842105263157894,380,6,0
铅钡,43,41,0.2807017543859649,399,6,0
铅钡,43,42,0.24202127659574468,376,6,0
铅钡,43,43,1.0,602,6,0
铅钡,43,44,0.0,388,6,0
铅钡,43,45,0.007556675062972292,397,6,0
铅钡,43,46,0.02857142857142857,385,6,0
铅钡,43,47,0.03713527851458886,377,6,0
铅钡,43,48,0.002617801047120419,382,6,0
铅钡,43,49,0.17553191489361702,376,6,0
铅钡,43,50,0.4,370,6,0
铅钡,43,51,0.5564516129032258,372,6,0
铅钡,43,52,0.1649214659685864,382,6,0
铅钡,43,53,0.0,371,6,0
铅钡,43,54,0.6129032258064516,372,6,0
铅钡,43,55,0.055415617128463476,397,6,0
铅钡,43,56,0.12953367875647667,386,6,0
铅钡,43,57,0.18328840970350405,371,6,0
铅钡,43,58,0.7972222222222223,360,6,0
铅钡,44,02,0.049019607843137254,408,6,0
铅钡,44,08,0.0,427,6,0
铅钡,44,11,0.010899182561307902,367,6,0
铅钡,44,19,0.007614213197969543,394,6,0
铅钡,44,20,0.05053191489361702,376,6,0
铅钡,44,23,0.03535353535353535,396,6,0
铅钡,44,24,0.0027548209366391185,363,6,0
铅钡,44,25,0.09893048128342247,374,6,0
铅钡,44,26,0.0,399,6,0
铅钡,44,28,0.8900523560209425,382,6,0
铅钡,44,29,0.887468030690537,391,6,0
铅钡,44,30,0.08184143222506395,391,6,0
铅钡,44,31,0.2617283950617284,405,6,0
铅钡,44,32,0.1260053619302949,373,6,0
铅钡,44,33,0.3148614609571788,397,6,0
铅钡,44,34,0.005221932114882507,383,6,0
铅钡,44,35,0.09066666666666667,375,6,0
铅钡,44,36,0.007792207792207792,385,6,0
铅钡,44,37,0.07542579075425791,411,6,0
铅钡,44,38,0.0027548209366391185,363,6,0
铅钡,44,39,0.012853470437017995,389,6,0
铅钡,44,40,0.0026246719160104987,381,6,0
铅钡,44,41,0.027707808564231738,397,6,0
铅钡,44,42,0.0870712401055409,379,6,0
铅钡,44,43,0.0,388,6,0
铅钡,44,44,1.0,610,6,0
铅钡,44,45,0.5552699228791774,389,6,0
铅钡,44,46,0.30913978494623656,372,6,0
铅钡,44,47,0.15721649484536082,388,6,0
铅钡,44,48,0.9195979899497487,398,6,0
铅钡,44,49,0.27320954907161804,377,6,0
铅钡,44,50,0.007978723404255319,376,6,0
铅钡,44,51,0.013227513227513227,378,6,0
铅钡,44,52,0.0027247956403269754,367,6,0
铅钡,44,53,0.6178660049627791,403,6,0
铅钡,44,54,0.0025380710659898475,394,6,0
铅钡,44,55,0.09511568123393316,389,6,0
铅钡,44,56,0.015503875968992248,387,6,0
铅钡,44,57,0.010869565217391304,368,6,0
铅钡,44,58,0.005434782608695652,368,6,0
铅钡,45,02,0.047619047619047616,399,6,0
铅钡,45,08,0.004819277108433735,415,6,0
铅钡,45,11,0.049586776859504134,363,6,0
铅钡,45,19,0.01804123711340206,388,6,0
铅钡,45,20,0.10335917312661498,387,6,0
铅钡,45,23,0.1984126984126984,378,6,0
铅钡,45,24,0.02680965147453083,373,6,0
铅钡,45,25,0.2868421052631579,380,6,0
铅钡,45,26,0.0025252525252525255,396,6,0
铅钡,45,28,0.5412371134020618,388,6,0
铅钡,45,29,0.35309278350515466,388,6,0
铅钡,45,30,0.11335012594458438,397,6,0
铅钡,45,31,0.39518072289156625,415,6,0
铅钡,45,32,0.3549222797927461,386,6,0
铅钡,45,33,0.655940594059406,404,6,0
铅钡,45,34,0.03655352480417755,383,6,0
铅钡,45,35,0.16449086161879894,383,6,0
铅钡,45,36,0.06923076923076923,390,6,0
铅钡,45,37,0.3175,400,6,0
铅钡,45,38,0.03225806451612903,372,6,0
铅钡,45,39,0.015625,384,6,0
铅钡,45,40,0.005221932114882507,383,6,0
铅钡,45,41,0.02763819095477387,398,6,0
铅钡,45,42,0.28720626631853785,383,6,0
铅钡,45,43,0.007556675062972292,397,6,0
铅钡,45,44,0.5552699228791774,389,6,0
铅钡,45,45,1.0,614,6,0
铅钡,45,46,0.6492146596858639,382,6,0
铅钡,45,47,0.4205128205128205,390,6,0
铅钡,45,48,0.4961636828644501,391,6,0
铅钡,45,49,0.3629242819843342,383,6,0
铅钡,45,50,0.02295918367346939,392,6,0
铅钡,45,51,0.03526448362720403,397,6,0
铅钡,45,52,0.012919896640826873,387,6,0
铅钡,45,53,1.0,388,6,0
铅钡,45,54,0.021333333333333333,375,6,0
铅钡,45,55,0.25,400,6,0
铅钡,45,56,0.09595959595959595,396,6,0
铅钡,45,57,0.07180851063829788,376,6,0
铅钡,45,58,0.01366120218579235,366,6,0
铅钡,46,02,0.07235142118863049,387,6,0
铅钡,46,08,0.0024330900243309003,411,6,0
铅钡,46,11,0.1404494382022472,356,6,0
铅钡,46,19,0.05570291777188329,377,6,0
铅钡,46,20,0.0948509485094851,369,6,0
铅钡,46,23,0.2016348773841962,367,6,0
铅钡,46,24,0.13428571428571429,350,6,0
铅钡,46,25,0.45217391304347826,345,6,0
铅钡,46,26,0.0,375,6,0
铅钡,46,28,0.3633879781420765,366,6,0
铅钡,46,29,0.26063829787234044,376,6,0
铅钡,46,30,0.20207253886010362,386,6,0
铅钡,46,31,0.36855670103092786,388,6,0
铅钡,46,32,0.4837837837837838,370,6,0
铅钡,46,33,0.7714285714285715,385,6,0
铅钡,46,34,0.1566579634464752,383,6,0
铅钡,46,35,0.17073170731707318,369,6,0
铅钡,46,36,0.23759791122715404,383,6,0
铅钡,46,37,0.3225,400,6,0
铅钡,46,38,0.1452513966480447,358,6,0
铅钡,46,39,0.03753351206434316,373,6,0
铅钡,46,40,0.016129032258064516,372,6,0
铅钡,46,41,0.0582010582010582,378,6,0
铅钡,46,42,0.43010752688172044,372,6,0
铅钡,46,43,0.02857142857142857,385,6,0
铅钡,46,44,0.30913978494623656,372,6,0
铅钡,46,45,0.6492146596858639,382,6,0
铅钡,46,46,1.0,591,6,0
铅钡,46,47,0.7016129032258065,372,6,0
铅钡,46,48,0.352,375,6,0
铅钡,46,49,0.5092838196286472,377,6,0
铅钡,46,50,0.181058495821727,359,6,0
铅钡,46,51,0.15281501340482573,373,6,0
铅钡,46,52,0.0948509485094851,369,6,0
铅钡,46,53,0.624,375,6,0
铅钡,46,54,0.11813186813186813,364,6,0
铅钡,46,55,0.5271317829457365,387,6,0
铅钡,46,56,0.1989100817438692,367,6,0
铅钡,46,57,0.1362397820163488,367,6,0
铅钡,46,58,0.044444444444444446,360,6,0
铅钡,47,02,0.04081632653061224,392,6,0
铅钡,47,08,0.009569377990430622,418,6,0
铅钡,47,11,0.13702623906705538,343,6,0
铅钡,47,19,0.020618556701030927,388,6,0
铅钡,47,20,0.0712401055408971,379,6,0
铅钡,47,23,0.368,375,6,0
铅钡,47,24,0.30919220055710306,359,6,0
铅钡,47,25,0.5471204188481675,382,6,0
铅钡,47,26,0.007425742574257425,404,6,0
铅钡,47,28,0.1554959785522788,373,6,0
铅钡,47,29,0.09975062344139651,401,6,0
铅钡,47,30,0.2421875,384,6,0
铅钡,47,31,0.27692307692307694,390,6,0
铅钡,47,32,0.5283018867924528,371,6,0
铅钡,47,33,0.7037974683544304,395,6,0
铅钡,47,34,0.24935064935064935,385,6,0
铅钡,47,35,0.25065963060686014,379,6,0
铅钡,47,36,0.3451086956521739,368,6,0
铅钡,47,37,0.30392156862745096,408,6,0
铅钡,47,38,0.2585227272727273,352,6,0
铅钡,47,39,0.1566579634464752,383,6,0
铅钡,47,40,0.05994550408719346,367,6,0
铅钡,47,41,0.041343669250646,387,6,0
铅钡,47,42,0.31958762886597936,388,6,0
铅钡,47,43,0.03713527851458886,377,6,0
铅钡,47,44,0.15721649484536082,388,6,0
铅钡,47,45,0.4205128205128205,390,6,0
铅钡,47,46,0.7016129032258065,372,6,0
铅钡,47,47,1.0,601,6,0
铅钡,47,48,0.12401055408970976,379,6,0
铅钡,47,49,0.24934383202099739,381,6,0
铅钡,47,50,0.2804232804232804,378,6,0
铅钡,47,51,0.21485411140583555,377,6,0
铅钡,47,52,0.16666666666666666,378,6,0
铅钡,47,53,0.4031413612565445,382,6,0
铅钡,47,54,0.21680216802168023,369,6,0
铅钡,47,55,0.6717948717948717,390,6,0
铅钡,47,56,0.40625,384,6,0
铅钡,47,57,0.306282722513089,382,6,0
铅钡,47,58,0.028089887640449437,356,6,0
铅钡,48,02,0.05597964376590331,393,6,0
铅钡,48,08,0.0,408,6,0
铅钡,48,11,0.01928374655647383,363,6,0
铅钡,48,19,0.013157894736842105,380,6,0
铅钡,48,20,0.058823529411764705,357,6,0
铅钡,48,23,0.0291005291005291,378,6,0
铅钡,48,24,0.0,355,6,0
铅钡,48,25,0.10079575596816977,377,6,0
铅钡,48,26,0.0,377,6,0
铅钡,48,28,0.810880829015544,386,6,0
铅钡,48,29,0.9683377308707124,379,6,0
铅钡,48,30,0.11904761904761904,378,6,0
铅钡,48,31,0.25380710659898476,394,6,0
铅钡,48,32,0.08446866485013624,367,6,0
铅钡,48,33,0.2725,400,6,0
铅钡,48,34,0.0053475935828877,374,6,0
铅钡,48,35,0.05333333333333334,375,6,0
铅钡,48,36,0.01358695652173913,368,6,0
铅钡,48,37,0.07575757575757576,396,6,0
铅钡,48,38,0.00558659217877095,358,6,0
铅钡,48,39,0.016129032258064516,372,6,0
铅钡,48,40,0.00267379679144385,374,6,0
铅钡,48,41,0.023316062176165803,386,6,0
铅钡,48,42,0.08951406649616368,391,6,0
铅钡,48,43,0.002617801047120419,382,6,0
铅钡,48,44,0.9195979899497487,398,6,0
铅钡,48,45,0.4961636828644501,391,6,0
铅钡,48,46,0.352,375,6,0
铅钡,48,47,0.12401055408970976,379,6,0
铅钡,48,48,1.0,599,6,0
铅钡,48,49,0.30927835051546393,388,6,0
铅钡,48,50,0.013297872340425532,376,6,0
铅钡,48,51,0.005291005291005291,378,6,0
铅钡,48,52,0.0,378,6,0
铅钡,48,53,0.5345744680851063,376,6,0
铅钡,48,54,0.002785515320334262,359,6,0
铅钡,48,55,0.09866666666666667,375,6,0
铅钡,48,56,0.023255813953488372,387,6,0
铅钡,48,57,0.008333333333333333,360,6,0
铅钡,48,58,0.005494505494505495,364,6,0
铅钡,49,02,0.4609375,384,6,0
铅钡,49,08,0.041666666666666664,408,6,0
铅钡,49,11,0.29329608938547486,358,6,0
铅钡,49,19,0.33156498673740054,377,6,0
铅钡,49,20,0.11444141689373297,367,6,0
铅钡,49,23,0.06149732620320856,374,6,0
铅钡,49,24,0.020348837209302327,344,6,0
铅钡,49,25,0.3,360,6,0
铅钡,49,26,0.032432432432432434,370,6,0
铅钡,49,28,0.27319587628865977,388,6,0
铅钡,49,29,0.2684931506849315,365,6,0
铅钡,49,30,0.6322751322751323,378,6,0
铅钡,49,31,0.5430809399477807,383,6,0
铅钡,49,32,0.22010869565217392,368,6,0
铅钡,49,33,0.375,376,6,0
铅钡,49,34,0.03208556149732621,374,6,0
铅钡,49,35,0.057065217391304345,368,6,0
铅钡,49,36,0.05026455026455026,378,6,0
铅钡,49,37,0.08010335917312661,387,6,0
铅钡,49,38,0.0273972602739726,365,6,0
铅钡,49,39,0.03561643835616438,365,6,0
铅钡,49,40,0.016574585635359115,362,6,0
铅钡,49,41,0.38133333333333336,375,6,0
铅钡,49,42,0.12087912087912088,364,6,0
铅钡,49,43,0.17553191489361702,376,6,0
铅钡,49,44,0.27320954907161804,377,6,0
铅钡,49,45,0.3629242819843342,383,6,0
铅钡,49,46,0.5092838196286472,377,6,0
铅钡,49,47,0.24934383202099739,381,6,0
铅钡,49,48,0.30927835051546393,388,6,0
铅钡,49,49,1.0,592,6,0
铅钡,49,50,0.2764227642276423,369,6,0
铅钡,49,51,0.27393617021276595,376,6,0
铅钡,49,52,0.06510416666666667,384,6,0
铅钡,49,53,0.375,376,6,0
铅钡,49,54,0.2219178082191781,365,6,0
铅钡,49,55,0.20618556701030927,388,6,0
铅钡,49,56,0.11080332409972299,361,6,0
铅钡,49,57,0.10227272727272728,352,6,0
铅钡,49,58,0.2612359550561798,356,6,0
铅钡,50,02,0.1628498727735369,393,6,0
铅钡,50,08,0.059113300492610835,406,6,0
铅钡,50,11,0.4093567251461988,342,6,0
铅钡,50,19,0.3333333333333333,378,6,0
铅钡,50,20,0.09115281501340483,373,6,0
铅钡,50,23,0.07238605898123325,373,6,0
铅钡,50,24,0.0847457627118644,354,6,0
铅钡,50,25,0.21022727272727273,352,6,0
铅钡,50,26,0.04076086956521739,368,6,0
铅钡,50,28,0.013550135501355014,369,6,0
铅钡,50,29,0.005249343832020997,381,6,0
铅钡,50,30,0.43466666666666665,375,6,0
铅钡,50,31,0.012953367875647668,386,6,0
铅钡,50,32,0.008174386920980926,367,6,0
铅钡,50,33,0.029649595687331536,371,6,0
铅钡,50,34,0.3900523560209424,382,6,0
铅钡,50,35,0.07202216066481995,361,6,0
铅钡,50,36,0.4745308310991957,373,6,0
铅钡,50,37,0.05235602094240838,382,6,0
铅钡,50,38,0.46831955922865015,363,6,0
铅钡,50,39,0.33421750663129973,377,6,0
铅钡,50,40,0.3068181818181818,352,6,0
铅钡,50,41,0.19946808510638298,376,6,0
铅钡,50,42,0.07552083333333333,384,6,0
铅钡,50,43,0.4,370,6,0
铅钡,50,44,0.007978723404255319,376,6,0
铅钡,50,45,0.02295918367346939,392,6,0
铅钡,50,46,0.181058495821727,359,6,0
铅钡,50,47,0.2804232804232804,378,6,0
铅钡,50,48,0.013297872340425532,376,6,0
铅钡,50,49,0.2764227642276423,369,6,0
铅钡,50,50,1.0,585,6,0
铅钡,50,51,0.9444444444444444,360,6,0
铅钡,50,52,0.6253369272237197,371,6,0
铅钡,50,53,0.016853932584269662,356,6,0
铅钡,50,54,0.7681940700808625,371,6,0
铅钡,50,55,0.33676092544987146,389,6,0
铅钡,50,56,0.6133333333333333,375,6,0
铅钡,50,57,0.6384180790960452,354,6,0
铅钡,50,58,0.3595505617977528,356,6,0
铅钡,51,02,0.14540816326530612,392,6,0
铅钡,51,08,0.097799511002445,409,6,0
铅钡,51,11,0.3391304347826087,345,6,0
铅钡,51,19,0.3780160857908847,373,6,0
铅钡,51,20,0.09408602150537634,372,6,0
铅钡,51,23,0.051075268817204304,372,6,0
铅钡,51,24,0.049315068493150684,365,6,0
铅钡,51,25,0.18681318681318682,364,6,0
铅钡,51,26,0.07088607594936709,395,6,0
铅钡,51,28,0.013623978201634877,367,6,0
铅钡,51,29,0.005154639175257732,388,6,0
铅钡,51,30,0.446524064171123,374,6,0
铅钡,51,31,0.012468827930174564,401,6,0
铅钡,51,32,0.005305039787798408,377,6,0
铅钡,51,33,0.043701799485861184,389,6,0
铅钡,51,34,0.3359375,384,6,0
铅钡,51,35,0.03672316384180791,354,6,0
铅钡,51,36,0.42021276595744683,376,6,0
铅钡,51,37,0.04071246819338423,393,6,0
铅钡,51,38,0.3788300835654596,359,6,0
铅钡,51,39,0.31351351351351353,370,6,0
铅钡,51,40,0.23529411764705882,357,6,0
铅钡,51,41,0.31693989071038253,366,6,0
铅钡,51,42,0.06451612903225806,372,6,0
铅钡,51,43,0.5564516129032258,372,6,0
铅钡,51,44,0.013227513227513227,378,6,0
铅钡,51,45,0.03526448362720403,397,6,0
铅钡,51,46,0.15281501340482573,373,6,0
铅钡,51,47,0.21485411140583555,377,6,0
铅钡,51,48,0.005291005291005291,378,6,0
铅钡,51,49,0.27393617021276595,376,6,0
铅钡,51,50,0.9444444444444444,360,6,0
铅钡,51,51,1.0,591,6,0
铅钡,51,52,0.5227882037533512,373,6,0
铅钡,51,53,0.018867924528301886,371,6,0
铅钡,51,54,0.8516483516483516,364,6,0
铅钡,51,55,0.28388746803069054,391,6,0
铅钡,51,56,0.5251989389920424,377,6,0
铅钡,51,57,0.5983379501385041,361,6,0
铅钡,51,58,0.4715909090909091,352,6,0
铅钡,52,02,0.028423772609819122,387,6,0
铅钡,52,08,0.03431372549019608,408,6,0
铅钡,52,11,0.11965811965811966,351,6,0
铅钡,52,19,0.09523809523809523,378,6,0
铅钡,52,20,0.057065217391304345,368,6,0
铅钡,52,23,0.0392156862745098,357,6,0
铅钡,52,24,0.043835616438356165,365,6,0
铅钡,52,25,0.13764044943820225,356,6,0
铅钡,52,26,0.05235602094240838,382,6,0
铅钡,52,28,0.008,375,6,0
铅钡,52,29,0.0,375,6,0
铅钡,52,30,0.15926892950391644,383,6,0
铅钡,52,31,0.002506265664160401,399,6,0
铅钡,52,32,0.0,366,6,0
铅钡,52,33,0.013333333333333334,375,6,0
铅钡,52,34,0.4845360824742268,388,6,0
铅钡,52,35,0.2222222222222222,369,6,0
铅钡,52,36,0.6054054054054054,370,6,0
铅钡,52,37,0.035623409669211195,393,6,0
铅钡,52,38,0.6555555555555556,360,6,0
铅钡,52,39,0.4945054945054945,364,6,0
铅钡,52,40,0.7893258426966292,356,6,0
铅钡,52,41,0.07253886010362694,386,6,0
铅钡,52,42,0.044386422976501305,383,6,0
铅钡,52,43,0.1649214659685864,382,6,0
铅钡,52,44,0.0027247956403269754,367,6,0
铅钡,52,45,0.012919896640826873,387,6,0
铅钡,52,46,0.0948509485094851,369,6,0
铅钡,52,47,0.16666666666666666,378,6,0
铅钡,52,48,0.0,378,6,0
铅钡,52,49,0.06510416666666667,384,6,0
铅钡,52,50,0.6253369272237197,371,6,0
铅钡,52,51,0.5227882037533512,373,6,0
铅钡,52,52,1.0,593,6,0
铅钡,52,53,0.0026041666666666665,384,6,0
铅钡,52,54,0.46612466124661245,369,6,0
铅钡,52,55,0.2506527415143603,383,6,0
铅钡,52,56,0.4594594594594595,370,6,0
铅钡,52,57,0.4478021978021978,364,6,0
铅钡,52,58,0.11263736263736264,364,6,0
铅钡,53,02,0.05343511450381679,393,6,0
铅钡,53,08,0.0072992700729927005,411,6,0
铅钡,53,11,0.029069767441860465,344,6,0
铅钡,53,19,0.005361930294906166,373,6,0
铅钡,53,20,0.09921671018276762,383,6,0
铅钡,53,23,0.16172506738544473,371,6,0
铅钡,53,24,0.019390581717451522,361,6,0
铅钡,53,25,0.2292817679558011,362,6,0
铅钡,53,26,0.005154639175257732,388,6,0
铅钡,53,28,0.5688311688311688,385,6,0
铅钡,53,29,0.3779527559055118,381,6,0
铅钡,53,30,0.10569105691056911,369,6,0
铅钡,53,31,0.38046272493573263,389,6,0
铅钡,53,32,0.328,375,6,0
铅钡,53,33,0.6214833759590793,391,6,0
铅钡,53,34,0.02577319587628866,388,6,0
铅钡,53,35,0.14325068870523416,363,6,0
铅钡,53,36,0.04864864864864865,370,6,0
铅钡,53,37,0.2653061224489796,392,6,0
铅钡,53,38,0.019178082191780823,365,6,0
铅钡,53,39,0.0326975476839237,367,6,0
铅钡,53,40,0.002680965147453083,373,6,0
铅钡,53,41,0.03608247422680412,388,6,0
铅钡,53,42,0.2794871794871795,390,6,0
铅钡,53,43,0.0,371,6,0
铅钡,53,44,0.6178660049627791,403,6,0
铅钡,53,45,1.0,388,6,0
铅钡,53,46,0.624,375,6,0
铅钡,53,47,0.4031413612565445,382,6,0
铅钡,53,48,0.5345744680851063,376,6,0
铅钡,53,49,0.375,376,6,0
铅钡,53,50,0.016853932584269662,356,6,0
铅钡,53,51,0.018867924528301886,371,6,0
铅钡,53,52,0.0026041666666666665,384,6,0
铅钡,53,53,1.0,594,6,0
铅钡,53,54,0.016260162601626018,369,6,0
铅钡,53,55,0.20533333333333334,375,6,0
铅钡,53,56,0.08638743455497382,382,6,0
铅钡,53,57,0.06552706552706553,351,6,0
铅钡,53,58,0.008333333333333333,360,6,0
铅钡,54,02,0.1164021164021164,378,6,0
铅钡,54,08,0.17206982543640897,401,6,0
铅钡,54,11,0.24929178470254956,353,6,0
铅钡,54,19,0.3181818181818182,374,6,0
铅钡,54,20,0.08707865168539326,356,6,0
铅钡,54,23,0.04054054054054054,370,6,0
铅钡,54,24,0.07736389684813753,349,6,0
铅钡,54,25,0.18181818181818182,374,6,0
铅钡,54,26,0.12266666666666666,375,6,0
铅钡,54,28,0.002688172043010753,372,6,0
铅钡,54,29,0.0026666666666666666,375,6,0
铅钡,54,30,0.3967828418230563,373,6,0
铅钡,54,31,0.015384615384615385,390,6,0
铅钡,54,32,0.0027397260273972603,365,6,0
铅钡,54,33,0.035422343324250684,367,6,0
铅钡,54,34,0.2649350649350649,385,6,0
铅钡,54,35,0.03142857142857143,350,6,0
铅钡,54,36,0.29301075268817206,372,6,0
铅钡,54,37,0.043478260869565216,391,6,0
铅钡,54,38,0.3194444444444444,360,6,0
铅钡,54,39,0.3945945945945946,370,6,0
铅钡,54,40,0.3002754820936639,363,6,0
铅钡,54,41,0.3421750663129973,377,6,0
铅钡,54,42,0.06406685236768803,359,6,0
铅钡,54,43,0.6129032258064516,372,6,0
铅钡,54,44,0.0025380710659898475,394,6,0
铅钡,54,45,0.021333333333333333,375,6,0
铅钡,54,46,0.11813186813186813,364,6,0
铅钡,54,47,0.21680216802168023,369,6,0
铅钡,54,48,0.002785515320334262,359,6,0
铅钡,54,49,0.2219178082191781,365,6,0
铅钡,54,50,0.7681940700808625,371,6,0
铅钡,54,51,0.8516483516483516,364,6,0
铅钡,54,52,0.46612466124661245,369,6,0
铅钡,54,53,0.016260162601626018,369,6,0
铅钡,54,54,1.0,585,6,0
铅钡,54,55,0.2519280205655527,389,6,0
铅钡,54,56,0.4676056338028169,355,6,0
铅钡,54,57,0.5520231213872833,346,6,0
铅钡,54,58,0.3286908077994429,359,6,0
铅钡,55,02,0.036585365853658534,410,6,0
铅钡,55,08,0.023529411764705882,425,6,0
铅钡,55,11,0.1557377049180328,366,6,0
铅钡,55,19,0.06766917293233082,399,6,0
铅钡,55,20,0.07751937984496124,387,6,0
铅钡,55,23,0.387434554973822,382,6,0
铅钡,55,24,0.26063829787234044,376,6,0
铅钡,55,25,0.8689839572192514,374,6,0
铅钡,55,26,0.019753086419753086,405,6,0
铅钡,55,28,0.07575757575757576,396,6,0
铅钡,55,29,0.07397959183673469,392,6,0
铅钡,55,30,0.26184538653366585,401,6,0
铅钡,55,31,0.18886198547215496,413,6,0
铅钡,55,32,0.32727272727272727,385,6,0
铅钡,55,33,0.44282238442822386,411,6,0
铅钡,55,34,0.49747474747474746,396,6,0
铅钡,55,35,0.15463917525773196,388,6,0
铅钡,55,36,0.5038759689922481,387,6,0
铅钡,55,37,0.2863849765258216,426,6,0
铅钡,55,38,0.42819148936170215,376,6,0
铅钡,55,39,0.3442211055276382,398,6,0
铅钡,55,40,0.14397905759162305,382,6,0
铅钡,55,41,0.04314720812182741,394,6,0
铅钡,55,42,0.2948717948717949,390,6,0
铅钡,55,43,0.055415617128463476,397,6,0
铅钡,55,44,0.09511568123393316,389,6,0
铅钡,55,45,0.25,400,6,0
铅钡,55,46,0.5271317829457365,387,6,0
铅钡,55,47,0.6717948717948717,390,6,0
铅钡,55,48,0.09866666666666667,375,6,0
铅钡,55,49,0.20618556701030927,388,6,0
铅钡,55,50,0.33676092544987146,389,6,0
铅钡,55,51,0.28388746803069054,391,6,0
铅钡,55,52,0.2506527415143603,383,6,0
铅钡,55,53,0.20533333333333334,375,6,0
铅钡,55,54,0.2519280205655527,389,6,0
铅钡,55,55,1.0,619,6,0
铅钡,55,56,0.6892230576441103,399,6,0
铅钡,55,57,0.5862068965517241,377,6,0
铅钡,55,58,0.082010582010582,378,6,0
铅钡,56,02,0.06565656565656566,396,6,0
铅钡,56,08,0.0831353919239905,421,6,0
铅钡,56,11,0.20738636363636365,352,6,0
铅钡,56,19,0.08244680851063829,376,6,0
铅钡,56,20,0.14054054054054055,370,6,0
铅钡,56,23,0.2857142857142857,371,6,0
铅钡,56,24,0.25722543352601157,346,6,0
铅钡,56,25,0.4861111111111111,360,6,0
铅钡,56,26,0.05641025641025641,390,6,0
铅钡,56,28,0.021052631578947368,380,6,0
铅钡,56,29,0.012919896640826873,387,6,0
铅钡,56,30,0.31746031746031744,378,6,0
铅钡,56,31,0.047979797979797977,396,6,0
铅钡,56,32,0.061170212765957445,376,6,0
铅钡,56,33,0.1038961038961039,385,6,0
铅钡,56,34,0.6068601583113457,379,6,0
铅钡,56,35,0.11140583554376658,377,6,0
铅钡,56,36,0.612565445026178,382,6,0
铅钡,56,37,0.16112531969309463,391,6,0
铅钡,56,38,0.5828729281767956,362,6,0
铅钡,56,39,0.5670886075949367,395,6,0
铅钡,56,40,0.2821917808219178,365,6,0
铅钡,56,41,0.08785529715762273,387,6,0
铅钡,56,42,0.12987012987012986,385,6,0
铅钡,56,43,0.12953367875647667,386,6,0
铅钡,56,44,0.015503875968992248,387,6,0
铅钡,56,45,0.09595959595959595,396,6,0
铅钡,56,46,0.1989100817438692,367,6,0
铅钡,56,47,0.40625,384,6,0
铅钡,56,48,0.023255813953488372,387,6,0
铅钡,56,49,0.11080332409972299,361,6,0
铅钡,56,50,0.6133333333333333,375,6,0
铅钡,56,51,0.5251989389920424,377,6,0
铅钡,56,52,0.4594594594594595,370,6,0
铅钡,56,53,0.08638743455497382,382,6,0
铅钡,56,54,0.4676056338028169,355,6,0
铅钡,56,55,0.6892230576441103,399,6,0
铅钡,56,56,1.0,599,6,0
铅钡,56,57,1.0,361,6,0
铅钡,56,58,0.09523809523809523,378,6,0
铅钡,57,02,0.08130081300813008,369,6,0
铅钡,57,08,0.12727272727272726,385,6,0
铅钡,57,11,0.2478134110787172,343,6,0
铅钡,57,19,0.12962962962962962,378,6,0
铅钡,57,20,0.15512465373961218,361,6,0
铅钡,57,23,0.2292817679558011,362,6,0
铅钡,57,24,0.23837209302325582,344,6,0
铅钡,57,25,0.40285714285714286,350,6,0
铅钡,57,26,0.09615384615384616,364,6,0
铅钡,57,28,0.011299435028248588,354,6,0
铅钡,57,29,0.002770083102493075,361,6,0
铅钡,57,30,0.3058510638297872,376,6,0
铅钡,57,31,0.034759358288770054,374,6,0
铅钡,57,32,0.03591160220994475,362,6,0
铅钡,57,33,0.05121293800539083,371,6,0
铅钡,57,34,0.5840220385674931,363,6,0
铅钡,57,35,0.08379888268156424,358,6,0
铅钡,57,36,0.5989159891598916,369,6,0
铅钡,57,37,0.17223650385604114,389,6,0
铅钡,57,38,0.5612535612535613,351,6,0
铅钡,57,39,0.553072625698324,358,6,0
铅钡,57,40,0.2535211267605634,355,6,0
铅钡,57,41,0.1002710027100271,369,6,0
铅钡,57,42,0.125,360,6,0
铅钡,57,43,0.18328840970350405,371,6,0
铅钡,57,44,0.010869565217391304,368,6,0
铅钡,57,45,0.07180851063829788,376,6,0
铅钡,57,46,0.1362397820163488,367,6,0
铅钡,57,47,0.306282722513089,382,6,0
铅钡,57,48,0.008333333333333333,360,6,0
铅钡,57,49,0.10227272727272728,352,6,0
铅钡,57,50,0.6384180790960452,354,6,0
铅钡,57,51,0.5983379501385041,361,6,0
铅钡,57,52,0.4478021978021978,364,6,0
铅钡,57,53,0.06552706552706553,351,6,0
铅钡,57,54,0.5520231213872833,346,6,0
铅钡,57,55,0.5862068965517241,377,6,0
铅钡,57,56,1.0,361,6,0
铅钡,57,57,1.0,575,6,0
铅钡,57,58,0.14447592067988668,353,6,0
铅钡,58,02,0.2546419098143236,377,6,0
铅钡,58,08,0.15869017632241814,397,6,0
铅钡,58,11,0.6537313432835821,335,6,0
铅钡,58,19,0.9807162534435262,363,6,0
铅钡,58,20,0.41032608695652173,368,6,0
铅钡,58,23,0.24444444444444444,360,6,0
铅钡,58,24,0.13353115727002968,337,6,0
铅钡,58,25,0.17032967032967034,364,6,0
铅钡,58,26,0.10626702997275204,367,6,0
铅钡,58,28,0.013513513513513514,370,6,0
铅钡,58,29,0.002824858757062147,354,6,0
铅钡,58,30,0.3753280839895013,381,6,0
铅钡,58,31,0.029411764705882353,374,6,0
铅钡,58,32,0.008310249307479225,361,6,0
铅钡,58,33,0.008174386920980926,367,6,0
铅钡,58,34,0.20588235294117646,374,6,0
铅钡,58,35,0.0028328611898017,353,6,0
铅钡,58,36,0.054945054945054944,364,6,0
铅钡,58,37,0.2997416020671835,387,6,0
铅钡,58,38,0.06779661016949153,354,6,0
铅钡,58,39,0.039886039886039885,351,6,0
铅钡,58,40,0.06571428571428571,350,6,0
铅钡,58,41,0.21153846153846154,364,6,0
铅钡,58,42,0.33242506811989103,367,6,0
铅钡,58,43,0.7972222222222223,360,6,0
铅钡,58,44,0.005434782608695652,368,6,0
铅钡,58,45,0.01366120218579235,366,6,0
铅钡,58,46,0.044444444444444446,360,6,0
铅钡,58,47,0.028089887640449437,356,6,0
铅钡,58,48,0.005494505494505495,364,6,0
铅钡,58,49,0.2612359550561798,356,6,0
铅钡,58,50,0.3595505617977528,356,6,0
铅钡,58,51,0.4715909090909091,352,6,0
铅钡,58,52,0.11263736263736264,364,6,0
铅钡,58,53,0.008333333333333333,360,6,0
铅钡,58,54,0.3286908077994429,359,6,0
铅钡,58,55,0.082010582010582,378,6,0
铅钡,58,56,0.09523809523809523,378,6,0
铅钡,58,57,0.14447592067988668,353,6,0
铅钡,58,58,1.0,573,6,0
