glass_type,feature_version,method,k,silhouette,calinski_harabasz,davies_bouldin,bic,bootstrap_ari_median,bootstrap_ari_p10,prediction_strength,min_cluster_size,feasible,selected,selection_reason,infeasible_reason
高钾,Al2O3+SiO2+K2O+P2O5+CuO,Ward,2,0.4540856661096005,11.696011258844798,0.8511564880299783,,0.47761194029850745,-0.0847457627118644,1.0,4,1,0,exploratory_best_but_no_stable_subclass,
高钾,Al2O3+SiO2+K2O+P2O5+CuO,Ward,3,,,,,0.4426751592356688,0.0803707553707554,0.6666666666666666,1,0,0,not_selected,min_cluster_lt_3_or_missing_cluster
高钾,Al2O3+SiO2+K2O+P2O5+CuO,Ward,4,,,,,0.41256459069893936,0.14504034193220572,0.3333333333333333,1,0,0,not_selected,min_cluster_lt_3_or_missing_cluster
高钾,Al2O3+SiO2+K2O+P2O5+CuO,Ward,5,,,,,0.390926147023708,0.14946558817526562,0.06666666666666667,1,0,0,not_selected,min_cluster_lt_3_or_missing_cluster
铅钡,CaO+SiO2+Al2O3+SrO+CuO+BaO+Fe2O3+K2O,Ward,2,0.24118793155318285,16.247242472597584,1.4444962935930186,,0.31076894834735735,-0.01599040575654607,0.6318181818181818,16,1,0,not_selected,
铅钡,CaO+SiO2+Al2O3+SrO+CuO+BaO+Fe2O3+K2O,Ward,3,0.21986502781180378,12.21056855392492,1.3983194486313335,,0.32838919984842296,0.08608653251393567,0.358974358974359,3,1,0,not_selected,
铅钡,CaO+SiO2+Al2O3+SrO+CuO+BaO+Fe2O3+K2O,Ward,4,0.19965532555466758,11.3308327970798,1.3075226996574945,,0.3230290905151958,0.14441774244013472,0.22813852813852814,3,1,0,not_selected,
铅钡,CaO+SiO2+Al2O3+SrO+CuO+BaO+Fe2O3+K2O,Ward,5,0.20798652465414227,11.375144661185255,1.3742712655179594,,0.3309074350028438,0.1788601944725694,0.23106060606060608,3,1,0,not_selected,
铅钡,CaO+SiO2+Al2O3+SrO+CuO+BaO+Fe2O3+K2O,Ward,6,0.23600245130042366,11.351775731649482,1.2304544283311156,,0.36462339377195785,0.2108240512808014,0.06666666666666667,3,1,0,exploratory_best_but_no_stable_subclass,
