repeat_id,outer_fold,model,config_json
0,0,Logistic,"{""C"": 100, ""class_weight"": ""balanced"", ""features"": [""钾_相对_铅钡"", ""铅钡_相对_硅铝"", ""硅铝_相对_总助熔""], ""threshold"": 0.44000000000000006}"
0,0,CART,"{""ccp_alpha"": 0.0, ""class_weight"": ""none"", ""features"": [""钾_相对_铅钡"", ""铅钡_相对_硅铝"", ""硅铝_相对_总助熔""], ""max_depth"": 1, ""min_samples_leaf"": 8, ""threshold"": 0.5}"
0,0,LDA,"{""features"": [""钾_相对_铅钡"", ""铅钡_相对_硅铝"", ""硅铝_相对_总助熔""], ""shrinkage"": ""auto"", ""threshold"": 0.5}"
0,1,Logistic,"{""C"": 10, ""class_weight"": ""none"", ""features"": [""铅钡_相对_硅铝"", ""硅铝_相对_总助熔""], ""threshold"": 0.5}"
0,1,CART,"{""ccp_alpha"": 0.0, ""class_weight"": ""none"", ""features"": [""钾_相对_铅钡"", ""铅钡_相对_硅铝"", ""硅铝_相对_总助熔""], ""max_depth"": 1, ""min_samples_leaf"": 8, ""threshold"": 0.5}"
0,1,LDA,"{""features"": [""钾_相对_铅钡"", ""铅钡_相对_硅铝"", ""硅铝_相对_总助熔""], ""shrinkage"": ""auto"", ""threshold"": 0.5}"
0,2,Logistic,"{""C"": 1, ""class_weight"": ""none"", ""features"": [""钾_相对_铅钡"", ""硅铝_相对_总助熔""], ""threshold"": 0.7500000000000002}"
0,2,CART,"{""ccp_alpha"": 0.0, ""class_weight"": ""none"", ""features"": [""钾_相对_铅钡"", ""铅钡_相对_硅铝"", ""硅铝_相对_总助熔""], ""max_depth"": 1, ""min_samples_leaf"": 8, ""threshold"": 0.5}"
0,2,LDA,"{""features"": [""钾_相对_铅钡"", ""铅钡_相对_硅铝"", ""硅铝_相对_总助熔""], ""shrinkage"": ""auto"", ""threshold"": 0.5}"
0,3,Logistic,"{""C"": 0.01, ""class_weight"": ""balanced"", ""features"": [""钾_相对_铅钡""], ""threshold"": 0.51}"
0,3,CART,"{""ccp_alpha"": 0.0, ""class_weight"": ""balanced"", ""features"": [""钾_相对_铅钡"", ""铅钡_相对_硅铝"", ""硅铝_相对_总助熔""], ""max_depth"": 1, ""min_samples_leaf"": 8, ""threshold"": 0.5}"
0,3,LDA,"{""features"": [""钾_相对_铅钡"", ""铅钡_相对_硅铝"", ""硅铝_相对_总助熔""], ""shrinkage"": 0.5, ""threshold"": 0.5}"
0,4,Logistic,"{""C"": 100, ""class_weight"": ""balanced"", ""features"": [""钾_相对_铅钡"", ""铅钡_相对_硅铝"", ""硅铝_相对_总助熔""], ""threshold"": 0.6200000000000001}"
0,4,CART,"{""ccp_alpha"": 0.0, ""class_weight"": ""none"", ""features"": [""钾_相对_铅钡"", ""铅钡_相对_硅铝"", ""硅铝_相对_总助熔""], ""max_depth"": 2, ""min_samples_leaf"": 5, ""threshold"": 0.5}"
0,4,LDA,"{""features"": [""钾_相对_铅钡"", ""铅钡_相对_硅铝"", ""硅铝_相对_总助熔""], ""shrinkage"": ""auto"", ""threshold"": 0.5}"
1,0,Logistic,"{""C"": 0.1, ""class_weight"": ""none"", ""features"": [""钾_相对_铅钡""], ""threshold"": 0.5}"
1,0,CART,"{""ccp_alpha"": 0.0, ""class_weight"": ""none"", ""features"": [""钾_相对_铅钡"", ""铅钡_相对_硅铝"", ""硅铝_相对_总助熔""], ""max_depth"": 2, ""min_samples_leaf"": 4, ""threshold"": 0.5}"
1,0,LDA,"{""features"": [""钾_相对_铅钡"", ""铅钡_相对_硅铝"", ""硅铝_相对_总助熔""], ""shrinkage"": 0.3, ""threshold"": 0.5}"
1,1,Logistic,"{""C"": 0.1, ""class_weight"": ""none"", ""features"": [""钾_相对_铅钡"", ""铅钡_相对_硅铝""], ""threshold"": 0.44000000000000006}"
1,1,CART,"{""ccp_alpha"": 0.0, ""class_weight"": ""none"", ""features"": [""钾_相对_铅钡"", ""铅钡_相对_硅铝"", ""硅铝_相对_总助熔""], ""max_depth"": 1, ""min_samples_leaf"": 8, ""threshold"": 0.5}"
1,1,LDA,"{""features"": [""钾_相对_铅钡"", ""铅钡_相对_硅铝"", ""硅铝_相对_总助熔""], ""shrinkage"": 0.3, ""threshold"": 0.5}"
1,2,Logistic,"{""C"": 1000, ""class_weight"": ""balanced"", ""features"": [""钾_相对_铅钡"", ""铅钡_相对_硅铝"", ""硅铝_相对_总助熔""], ""threshold"": 0.5900000000000001}"
1,2,CART,"{""ccp_alpha"": 0.0, ""class_weight"": ""balanced"", ""features"": [""钾_相对_铅钡"", ""铅钡_相对_硅铝"", ""硅铝_相对_总助熔""], ""max_depth"": 1, ""min_samples_leaf"": 8, ""threshold"": 0.5}"
1,2,LDA,"{""features"": [""钾_相对_铅钡"", ""铅钡_相对_硅铝"", ""硅铝_相对_总助熔""], ""shrinkage"": ""auto"", ""threshold"": 0.5}"
1,3,Logistic,"{""C"": 1000, ""class_weight"": ""balanced"", ""features"": [""钾_相对_铅钡"", ""铅钡_相对_硅铝"", ""硅铝_相对_总助熔""], ""threshold"": 0.5}"
1,3,CART,"{""ccp_alpha"": 0.0, ""class_weight"": ""balanced"", ""features"": [""钾_相对_铅钡"", ""铅钡_相对_硅铝"", ""硅铝_相对_总助熔""], ""max_depth"": 4, ""min_samples_leaf"": 3, ""threshold"": 0.6100000000000001}"
1,3,LDA,"{""features"": [""钾_相对_铅钡"", ""铅钡_相对_硅铝"", ""硅铝_相对_总助熔""], ""shrinkage"": ""auto"", ""threshold"": 0.5}"
1,4,Logistic,"{""C"": 1000, ""class_weight"": ""balanced"", ""features"": [""钾_相对_铅钡"", ""铅钡_相对_硅铝"", ""硅铝_相对_总助熔""], ""threshold"": 0.54}"
1,4,CART,"{""ccp_alpha"": 0.0, ""class_weight"": ""none"", ""features"": [""钾_相对_铅钡"", ""铅钡_相对_硅铝"", ""硅铝_相对_总助熔""], ""max_depth"": 3, ""min_samples_leaf"": 6, ""threshold"": 0.5}"
1,4,LDA,"{""features"": [""钾_相对_铅钡"", ""铅钡_相对_硅铝"", ""硅铝_相对_总助熔""], ""shrinkage"": ""auto"", ""threshold"": 0.21000000000000002}"
2,0,Logistic,"{""C"": 1000, ""class_weight"": ""balanced"", ""features"": [""钾_相对_铅钡"", ""铅钡_相对_硅铝"", ""硅铝_相对_总助熔""], ""threshold"": 0.5}"
2,0,CART,"{""ccp_alpha"": 0.0, ""class_weight"": ""none"", ""features"": [""钾_相对_铅钡"", ""铅钡_相对_硅铝"", ""硅铝_相对_总助熔""], ""max_depth"": 1, ""min_samples_leaf"": 5, ""threshold"": 0.5}"
2,0,LDA,"{""features"": [""钾_相对_铅钡"", ""铅钡_相对_硅铝"", ""硅铝_相对_总助熔""], ""shrinkage"": ""auto"", ""threshold"": 0.4}"
2,1,Logistic,"{""C"": 1000, ""class_weight"": ""balanced"", ""features"": [""钾_相对_铅钡"", ""铅钡_相对_硅铝"", ""硅铝_相对_总助熔""], ""threshold"": 0.5}"
2,1,CART,"{""ccp_alpha"": 0.0, ""class_weight"": ""balanced"", ""features"": [""钾_相对_铅钡"", ""铅钡_相对_硅铝"", ""硅铝_相对_总助熔""], ""max_depth"": 1, ""min_samples_leaf"": 8, ""threshold"": 0.5}"
2,1,LDA,"{""features"": [""钾_相对_铅钡"", ""铅钡_相对_硅铝"", ""硅铝_相对_总助熔""], ""shrinkage"": ""auto"", ""threshold"": 0.5}"
2,2,Logistic,"{""C"": 1, ""class_weight"": ""none"", ""features"": [""钾_相对_铅钡""], ""threshold"": 0.8}"
2,2,CART,"{""ccp_alpha"": 0.0, ""class_weight"": ""balanced"", ""features"": [""钾_相对_铅钡"", ""铅钡_相对_硅铝"", ""硅铝_相对_总助熔""], ""max_depth"": 3, ""min_samples_leaf"": 6, ""threshold"": 0.5}"
2,2,LDA,"{""features"": [""钾_相对_铅钡"", ""铅钡_相对_硅铝"", ""硅铝_相对_总助熔""], ""shrinkage"": 0.3, ""threshold"": 0.5}"
2,3,Logistic,"{""C"": 100, ""class_weight"": ""balanced"", ""features"": [""钾_相对_铅钡"", ""铅钡_相对_硅铝"", ""硅铝_相对_总助熔""], ""threshold"": 0.56}"
2,3,CART,"{""ccp_alpha"": 0.0, ""class_weight"": ""none"", ""features"": [""钾_相对_铅钡"", ""铅钡_相对_硅铝"", ""硅铝_相对_总助熔""], ""max_depth"": 2, ""min_samples_leaf"": 4, ""threshold"": 0.5}"
2,3,LDA,"{""features"": [""钾_相对_铅钡"", ""铅钡_相对_硅铝"", ""硅铝_相对_总助熔""], ""shrinkage"": ""auto"", ""threshold"": 0.4700000000000001}"
2,4,Logistic,"{""C"": 1, ""class_weight"": ""none"", ""features"": [""钾_相对_铅钡"", ""铅钡_相对_硅铝""], ""threshold"": 0.5}"
2,4,CART,"{""ccp_alpha"": 0.0, ""class_weight"": ""none"", ""features"": [""钾_相对_铅钡"", ""铅钡_相对_硅铝"", ""硅铝_相对_总助熔""], ""max_depth"": 1, ""min_samples_leaf"": 6, ""threshold"": 0.5}"
2,4,LDA,"{""features"": [""钾_相对_铅钡"", ""铅钡_相对_硅铝"", ""硅铝_相对_总助熔""], ""shrinkage"": 0.3, ""threshold"": 0.5}"
3,0,Logistic,"{""C"": 1000, ""class_weight"": ""balanced"", ""features"": [""钾_相对_铅钡"", ""铅钡_相对_硅铝"", ""硅铝_相对_总助熔""], ""threshold"": 0.53}"
3,0,CART,"{""ccp_alpha"": 0.0, ""class_weight"": ""none"", ""features"": [""钾_相对_铅钡"", ""铅钡_相对_硅铝"", ""硅铝_相对_总助熔""], ""max_depth"": 1, ""min_samples_leaf"": 5, ""threshold"": 0.5}"
3,0,LDA,"{""features"": [""钾_相对_铅钡"", ""铅钡_相对_硅铝"", ""硅铝_相对_总助熔""], ""shrinkage"": ""auto"", ""threshold"": 0.5}"
3,1,Logistic,"{""C"": 10, ""class_weight"": ""none"", ""features"": [""铅钡_相对_硅铝"", ""硅铝_相对_总助熔""], ""threshold"": 0.5}"
3,1,CART,"{""ccp_alpha"": 0.0, ""class_weight"": ""balanced"", ""features"": [""钾_相对_铅钡"", ""铅钡_相对_硅铝"", ""硅铝_相对_总助熔""], ""max_depth"": 3, ""min_samples_leaf"": 5, ""threshold"": 0.33000000000000007}"
3,1,LDA,"{""features"": [""钾_相对_铅钡"", ""铅钡_相对_硅铝"", ""硅铝_相对_总助熔""], ""shrinkage"": 0.1, ""threshold"": 0.5}"
3,2,Logistic,"{""C"": 100, ""class_weight"": ""balanced"", ""features"": [""钾_相对_铅钡"", ""铅钡_相对_硅铝"", ""硅铝_相对_总助熔""], ""threshold"": 0.5}"
3,2,CART,"{""ccp_alpha"": 0.0, ""class_weight"": ""none"", ""features"": [""钾_相对_铅钡"", ""铅钡_相对_硅铝"", ""硅铝_相对_总助熔""], ""max_depth"": 1, ""min_samples_leaf"": 8, ""threshold"": 0.5}"
3,2,LDA,"{""features"": [""钾_相对_铅钡"", ""铅钡_相对_硅铝"", ""硅铝_相对_总助熔""], ""shrinkage"": ""auto"", ""threshold"": 0.5}"
3,3,Logistic,"{""C"": 1000, ""class_weight"": ""balanced"", ""features"": [""钾_相对_铅钡"", ""铅钡_相对_硅铝"", ""硅铝_相对_总助熔""], ""threshold"": 0.44000000000000006}"
3,3,CART,"{""ccp_alpha"": 0.0, ""class_weight"": ""none"", ""features"": [""钾_相对_铅钡"", ""铅钡_相对_硅铝"", ""硅铝_相对_总助熔""], ""max_depth"": 1, ""min_samples_leaf"": 8, ""threshold"": 0.5}"
3,3,LDA,"{""features"": [""钾_相对_铅钡"", ""铅钡_相对_硅铝"", ""硅铝_相对_总助熔""], ""shrinkage"": 0.3, ""threshold"": 0.5}"
3,4,Logistic,"{""C"": 0.01, ""class_weight"": ""balanced"", ""features"": [""钾_相对_铅钡""], ""threshold"": 0.5}"
3,4,CART,"{""ccp_alpha"": 0.0, ""class_weight"": ""balanced"", ""features"": [""钾_相对_铅钡"", ""铅钡_相对_硅铝"", ""硅铝_相对_总助熔""], ""max_depth"": 1, ""min_samples_leaf"": 8, ""threshold"": 0.5}"
3,4,LDA,"{""features"": [""钾_相对_铅钡"", ""铅钡_相对_硅铝"", ""硅铝_相对_总助熔""], ""shrinkage"": 0.5, ""threshold"": 0.5}"
4,0,Logistic,"{""C"": 100, ""class_weight"": ""balanced"", ""features"": [""钾_相对_铅钡"", ""铅钡_相对_硅铝"", ""硅铝_相对_总助熔""], ""threshold"": 0.53}"
4,0,CART,"{""ccp_alpha"": 0.0, ""class_weight"": ""balanced"", ""features"": [""钾_相对_铅钡"", ""铅钡_相对_硅铝"", ""硅铝_相对_总助熔""], ""max_depth"": 3, ""min_samples_leaf"": 3, ""threshold"": 0.5}"
4,0,LDA,"{""features"": [""钾_相对_铅钡"", ""铅钡_相对_硅铝"", ""硅铝_相对_总助熔""], ""shrinkage"": ""auto"", ""threshold"": 0.42000000000000004}"
4,1,Logistic,"{""C"": 10, ""class_weight"": ""none"", ""features"": [""铅钡_相对_硅铝"", ""硅铝_相对_总助熔""], ""threshold"": 0.5}"
4,1,CART,"{""ccp_alpha"": 0.0, ""class_weight"": ""none"", ""features"": [""钾_相对_铅钡"", ""铅钡_相对_硅铝"", ""硅铝_相对_总助熔""], ""max_depth"": 1, ""min_samples_leaf"": 6, ""threshold"": 0.5}"
4,1,LDA,"{""features"": [""钾_相对_铅钡"", ""铅钡_相对_硅铝"", ""硅铝_相对_总助熔""], ""shrinkage"": 0.7, ""threshold"": 0.5}"
4,2,Logistic,"{""C"": 100, ""class_weight"": ""balanced"", ""features"": [""钾_相对_铅钡"", ""铅钡_相对_硅铝"", ""硅铝_相对_总助熔""], ""threshold"": 0.52}"
4,2,CART,"{""ccp_alpha"": 0.0, ""class_weight"": ""none"", ""features"": [""钾_相对_铅钡"", ""铅钡_相对_硅铝"", ""硅铝_相对_总助熔""], ""max_depth"": 3, ""min_samples_leaf"": 5, ""threshold"": 0.5}"
4,2,LDA,"{""features"": [""钾_相对_铅钡"", ""铅钡_相对_硅铝"", ""硅铝_相对_总助熔""], ""shrinkage"": 0.5, ""threshold"": 0.5}"
4,3,Logistic,"{""C"": 100, ""class_weight"": ""balanced"", ""features"": [""钾_相对_铅钡"", ""铅钡_相对_硅铝"", ""硅铝_相对_总助熔""], ""threshold"": 0.4700000000000001}"
4,3,CART,"{""ccp_alpha"": 0.0, ""class_weight"": ""none"", ""features"": [""钾_相对_铅钡"", ""铅钡_相对_硅铝"", ""硅铝_相对_总助熔""], ""max_depth"": 1, ""min_samples_leaf"": 6, ""threshold"": 0.5}"
4,3,LDA,"{""features"": [""钾_相对_铅钡"", ""铅钡_相对_硅铝"", ""硅铝_相对_总助熔""], ""shrinkage"": 0.7, ""threshold"": 0.5}"
4,4,Logistic,"{""C"": 1, ""class_weight"": ""none"", ""features"": [""钾_相对_铅钡""], ""threshold"": 0.7500000000000002}"
4,4,CART,"{""ccp_alpha"": 0.0, ""class_weight"": ""balanced"", ""features"": [""钾_相对_铅钡"", ""铅钡_相对_硅铝"", ""硅铝_相对_总助熔""], ""max_depth"": 1, ""min_samples_leaf"": 8, ""threshold"": 0.5}"
4,4,LDA,"{""features"": [""钾_相对_铅钡"", ""铅钡_相对_硅铝"", ""硅铝_相对_总助熔""], ""shrinkage"": 0.1, ""threshold"": 0.5}"
5,0,Logistic,"{""C"": 100, ""class_weight"": ""balanced"", ""features"": [""钾_相对_铅钡"", ""铅钡_相对_硅铝"", ""硅铝_相对_总助熔""], ""threshold"": 0.45000000000000007}"
5,0,CART,"{""ccp_alpha"": 0.0, ""class_weight"": ""balanced"", ""features"": [""钾_相对_铅钡"", ""铅钡_相对_硅铝"", ""硅铝_相对_总助熔""], ""max_depth"": 3, ""min_samples_leaf"": 5, ""threshold"": 0.5}"
5,0,LDA,"{""features"": [""钾_相对_铅钡"", ""铅钡_相对_硅铝"", ""硅铝_相对_总助熔""], ""shrinkage"": ""auto"", ""threshold"": 0.4600000000000001}"
5,1,Logistic,"{""C"": 0.1, ""class_weight"": ""none"", ""features"": [""钾_相对_铅钡"", ""铅钡_相对_硅铝""], ""threshold"": 0.48000000000000004}"
5,1,CART,"{""ccp_alpha"": 0.0, ""class_weight"": ""none"", ""features"": [""钾_相对_铅钡"", ""铅钡_相对_硅铝"", ""硅铝_相对_总助熔""], ""max_depth"": 3, ""min_samples_leaf"": 5, ""threshold"": 0.5}"
5,1,LDA,"{""features"": [""钾_相对_铅钡"", ""铅钡_相对_硅铝"", ""硅铝_相对_总助熔""], ""shrinkage"": 0.7, ""threshold"": 0.5}"
5,2,Logistic,"{""C"": 0.1, ""class_weight"": ""none"", ""features"": [""钾_相对_铅钡"", ""硅铝_相对_总助熔""], ""threshold"": 0.5}"
5,2,CART,"{""ccp_alpha"": 0.0, ""class_weight"": ""balanced"", ""features"": [""钾_相对_铅钡"", ""铅钡_相对_硅铝"", ""硅铝_相对_总助熔""], ""max_depth"": 1, ""min_samples_leaf"": 5, ""threshold"": 0.5}"
5,2,LDA,"{""features"": [""钾_相对_铅钡"", ""铅钡_相对_硅铝"", ""硅铝_相对_总助熔""], ""shrinkage"": ""auto"", ""threshold"": 0.28}"
5,3,Logistic,"{""C"": 1000, ""class_weight"": ""balanced"", ""features"": [""钾_相对_铅钡"", ""铅钡_相对_硅铝"", ""硅铝_相对_总助熔""], ""threshold"": 0.5}"
5,3,CART,"{""ccp_alpha"": 0.0, ""class_weight"": ""balanced"", ""features"": [""钾_相对_铅钡"", ""铅钡_相对_硅铝"", ""硅铝_相对_总助熔""], ""max_depth"": 3, ""min_samples_leaf"": 3, ""threshold"": 0.5}"
5,3,LDA,"{""features"": [""钾_相对_铅钡"", ""铅钡_相对_硅铝"", ""硅铝_相对_总助熔""], ""shrinkage"": ""auto"", ""threshold"": 0.5}"
5,4,Logistic,"{""C"": 1000, ""class_weight"": ""balanced"", ""features"": [""钾_相对_铅钡"", ""铅钡_相对_硅铝"", ""硅铝_相对_总助熔""], ""threshold"": 0.6000000000000001}"
5,4,CART,"{""ccp_alpha"": 0.0, ""class_weight"": ""none"", ""features"": [""钾_相对_铅钡"", ""铅钡_相对_硅铝"", ""硅铝_相对_总助熔""], ""max_depth"": 2, ""min_samples_leaf"": 6, ""threshold"": 0.5}"
5,4,LDA,"{""features"": [""钾_相对_铅钡"", ""铅钡_相对_硅铝"", ""硅铝_相对_总助熔""], ""shrinkage"": 0.5, ""threshold"": 0.5}"
6,0,Logistic,"{""C"": 1000, ""class_weight"": ""balanced"", ""features"": [""钾_相对_铅钡"", ""铅钡_相对_硅铝"", ""硅铝_相对_总助熔""], ""threshold"": 0.6500000000000001}"
6,0,CART,"{""ccp_alpha"": 0.0, ""class_weight"": ""none"", ""features"": [""钾_相对_铅钡"", ""铅钡_相对_硅铝"", ""硅铝_相对_总助熔""], ""max_depth"": 2, ""min_samples_leaf"": 6, ""threshold"": 0.5}"
6,0,LDA,"{""features"": [""钾_相对_铅钡"", ""铅钡_相对_硅铝"", ""硅铝_相对_总助熔""], ""shrinkage"": ""auto"", ""threshold"": 0.43000000000000005}"
6,1,Logistic,"{""C"": 100, ""class_weight"": ""balanced"", ""features"": [""钾_相对_铅钡"", ""铅钡_相对_硅铝"", ""硅铝_相对_总助熔""], ""threshold"": 0.6500000000000001}"
6,1,CART,"{""ccp_alpha"": 0.0, ""class_weight"": ""balanced"", ""features"": [""钾_相对_铅钡"", ""铅钡_相对_硅铝"", ""硅铝_相对_总助熔""], ""max_depth"": 1, ""min_samples_leaf"": 8, ""threshold"": 0.5}"
6,1,LDA,"{""features"": [""钾_相对_铅钡"", ""铅钡_相对_硅铝"", ""硅铝_相对_总助熔""], ""shrinkage"": 0.3, ""threshold"": 0.4700000000000001}"
6,2,Logistic,"{""C"": 0.1, ""class_weight"": ""none"", ""features"": [""钾_相对_铅钡"", ""铅钡_相对_硅铝""], ""threshold"": 0.4700000000000001}"
6,2,CART,"{""ccp_alpha"": 0.0, ""class_weight"": ""none"", ""features"": [""钾_相对_铅钡"", ""铅钡_相对_硅铝"", ""硅铝_相对_总助熔""], ""max_depth"": 1, ""min_samples_leaf"": 5, ""threshold"": 0.5}"
6,2,LDA,"{""features"": [""钾_相对_铅钡"", ""铅钡_相对_硅铝"", ""硅铝_相对_总助熔""], ""shrinkage"": ""auto"", ""threshold"": 0.5}"
6,3,Logistic,"{""C"": 10, ""class_weight"": ""none"", ""features"": [""铅钡_相对_硅铝"", ""硅铝_相对_总助熔""], ""threshold"": 0.5}"
6,3,CART,"{""ccp_alpha"": 0.0, ""class_weight"": ""none"", ""features"": [""钾_相对_铅钡"", ""铅钡_相对_硅铝"", ""硅铝_相对_总助熔""], ""max_depth"": 1, ""min_samples_leaf"": 6, ""threshold"": 0.5}"
6,3,LDA,"{""features"": [""钾_相对_铅钡"", ""铅钡_相对_硅铝"", ""硅铝_相对_总助熔""], ""shrinkage"": 0.5, ""threshold"": 0.44000000000000006}"
6,4,Logistic,"{""C"": 1000, ""class_weight"": ""balanced"", ""features"": [""钾_相对_铅钡"", ""铅钡_相对_硅铝"", ""硅铝_相对_总助熔""], ""threshold"": 0.5900000000000001}"
6,4,CART,"{""ccp_alpha"": 0.0, ""class_weight"": ""none"", ""features"": [""钾_相对_铅钡"", ""铅钡_相对_硅铝"", ""硅铝_相对_总助熔""], ""max_depth"": 1, ""min_samples_leaf"": 8, ""threshold"": 0.5}"
6,4,LDA,"{""features"": [""钾_相对_铅钡"", ""铅钡_相对_硅铝"", ""硅铝_相对_总助熔""], ""shrinkage"": ""auto"", ""threshold"": 0.42000000000000004}"
7,0,Logistic,"{""C"": 100, ""class_weight"": ""balanced"", ""features"": [""钾_相对_铅钡"", ""铅钡_相对_硅铝"", ""硅铝_相对_总助熔""], ""threshold"": 0.5}"
7,0,CART,"{""ccp_alpha"": 0.0, ""class_weight"": ""none"", ""features"": [""钾_相对_铅钡"", ""铅钡_相对_硅铝"", ""硅铝_相对_总助熔""], ""max_depth"": 2, ""min_samples_leaf"": 6, ""threshold"": 0.5}"
7,0,LDA,"{""features"": [""钾_相对_铅钡"", ""铅钡_相对_硅铝"", ""硅铝_相对_总助熔""], ""shrinkage"": ""auto"", ""threshold"": 0.5}"
7,1,Logistic,"{""C"": 0.1, ""class_weight"": ""none"", ""features"": [""钾_相对_铅钡""], ""threshold"": 0.5}"
7,1,CART,"{""ccp_alpha"": 0.0, ""class_weight"": ""balanced"", ""features"": [""钾_相对_铅钡"", ""铅钡_相对_硅铝"", ""硅铝_相对_总助熔""], ""max_depth"": 3, ""min_samples_leaf"": 3, ""threshold"": 0.5}"
7,1,LDA,"{""features"": [""钾_相对_铅钡"", ""铅钡_相对_硅铝"", ""硅铝_相对_总助熔""], ""shrinkage"": 0.1, ""threshold"": 0.5}"
7,2,Logistic,"{""C"": 10, ""class_weight"": ""balanced"", ""features"": [""钾_相对_铅钡"", ""铅钡_相对_硅铝"", ""硅铝_相对_总助熔""], ""threshold"": 0.6900000000000002}"
7,2,CART,"{""ccp_alpha"": 0.0, ""class_weight"": ""none"", ""features"": [""钾_相对_铅钡"", ""铅钡_相对_硅铝"", ""硅铝_相对_总助熔""], ""max_depth"": 2, ""min_samples_leaf"": 8, ""threshold"": 0.5}"
7,2,LDA,"{""features"": [""钾_相对_铅钡"", ""铅钡_相对_硅铝"", ""硅铝_相对_总助熔""], ""shrinkage"": ""auto"", ""threshold"": 0.5}"
7,3,Logistic,"{""C"": 10, ""class_weight"": ""none"", ""features"": [""铅钡_相对_硅铝"", ""硅铝_相对_总助熔""], ""threshold"": 0.5}"
7,3,CART,"{""ccp_alpha"": 0.0, ""class_weight"": ""balanced"", ""features"": [""钾_相对_铅钡"", ""铅钡_相对_硅铝"", ""硅铝_相对_总助熔""], ""max_depth"": 4, ""min_samples_leaf"": 3, ""threshold"": 0.5}"
7,3,LDA,"{""features"": [""钾_相对_铅钡"", ""铅钡_相对_硅铝"", ""硅铝_相对_总助熔""], ""shrinkage"": 0.5, ""threshold"": 0.5}"
7,4,Logistic,"{""C"": 100, ""class_weight"": ""none"", ""features"": [""钾_相对_铅钡"", ""铅钡_相对_硅铝"", ""硅铝_相对_总助熔""], ""threshold"": 0.7300000000000002}"
7,4,CART,"{""ccp_alpha"": 0.0, ""class_weight"": ""none"", ""features"": [""钾_相对_铅钡"", ""铅钡_相对_硅铝"", ""硅铝_相对_总助熔""], ""max_depth"": 2, ""min_samples_leaf"": 6, ""threshold"": 0.5}"
7,4,LDA,"{""features"": [""钾_相对_铅钡"", ""铅钡_相对_硅铝"", ""硅铝_相对_总助熔""], ""shrinkage"": ""auto"", ""threshold"": 0.5}"
8,0,Logistic,"{""C"": 0.01, ""class_weight"": ""balanced"", ""features"": [""钾_相对_铅钡"", ""铅钡_相对_硅铝""], ""threshold"": 0.5}"
8,0,CART,"{""ccp_alpha"": 0.0, ""class_weight"": ""none"", ""features"": [""钾_相对_铅钡"", ""铅钡_相对_硅铝"", ""硅铝_相对_总助熔""], ""max_depth"": 1, ""min_samples_leaf"": 8, ""threshold"": 0.5}"
8,0,LDA,"{""features"": [""钾_相对_铅钡"", ""铅钡_相对_硅铝"", ""硅铝_相对_总助熔""], ""shrinkage"": ""auto"", ""threshold"": 0.33000000000000007}"
8,1,Logistic,"{""C"": 100, ""class_weight"": ""balanced"", ""features"": [""钾_相对_铅钡"", ""铅钡_相对_硅铝"", ""硅铝_相对_总助熔""], ""threshold"": 0.5}"
8,1,CART,"{""ccp_alpha"": 0.0, ""class_weight"": ""none"", ""features"": [""钾_相对_铅钡"", ""铅钡_相对_硅铝"", ""硅铝_相对_总助熔""], ""max_depth"": 1, ""min_samples_leaf"": 6, ""threshold"": 0.5}"
8,1,LDA,"{""features"": [""钾_相对_铅钡"", ""铅钡_相对_硅铝"", ""硅铝_相对_总助熔""], ""shrinkage"": 0.3, ""threshold"": 0.31000000000000005}"
8,2,Logistic,"{""C"": 10, ""class_weight"": ""none"", ""features"": [""铅钡_相对_硅铝"", ""硅铝_相对_总助熔""], ""threshold"": 0.44000000000000006}"
8,2,CART,"{""ccp_alpha"": 0.0, ""class_weight"": ""none"", ""features"": [""钾_相对_铅钡"", ""铅钡_相对_硅铝"", ""硅铝_相对_总助熔""], ""max_depth"": 2, ""min_samples_leaf"": 4, ""threshold"": 0.5}"
8,2,LDA,"{""features"": [""钾_相对_铅钡"", ""铅钡_相对_硅铝"", ""硅铝_相对_总助熔""], ""shrinkage"": 0.5, ""threshold"": 0.43000000000000005}"
8,3,Logistic,"{""C"": 1000, ""class_weight"": ""balanced"", ""features"": [""钾_相对_铅钡"", ""铅钡_相对_硅铝"", ""硅铝_相对_总助熔""], ""threshold"": 0.5}"
8,3,CART,"{""ccp_alpha"": 0.0, ""class_weight"": ""none"", ""features"": [""钾_相对_铅钡"", ""铅钡_相对_硅铝"", ""硅铝_相对_总助熔""], ""max_depth"": 2, ""min_samples_leaf"": 6, ""threshold"": 0.5}"
8,3,LDA,"{""features"": [""钾_相对_铅钡"", ""铅钡_相对_硅铝"", ""硅铝_相对_总助熔""], ""shrinkage"": ""auto"", ""threshold"": 0.5}"
8,4,Logistic,"{""C"": 10, ""class_weight"": ""none"", ""features"": [""铅钡_相对_硅铝"", ""硅铝_相对_总助熔""], ""threshold"": 0.5}"
8,4,CART,"{""ccp_alpha"": 0.0, ""class_weight"": ""none"", ""features"": [""钾_相对_铅钡"", ""铅钡_相对_硅铝"", ""硅铝_相对_总助熔""], ""max_depth"": 3, ""min_samples_leaf"": 6, ""threshold"": 0.5}"
8,4,LDA,"{""features"": [""钾_相对_铅钡"", ""铅钡_相对_硅铝"", ""硅铝_相对_总助熔""], ""shrinkage"": ""auto"", ""threshold"": 0.5}"
9,0,Logistic,"{""C"": 1000, ""class_weight"": ""balanced"", ""features"": [""钾_相对_铅钡"", ""铅钡_相对_硅铝"", ""硅铝_相对_总助熔""], ""threshold"": 0.55}"
9,0,CART,"{""ccp_alpha"": 0.0, ""class_weight"": ""none"", ""features"": [""钾_相对_铅钡"", ""铅钡_相对_硅铝"", ""硅铝_相对_总助熔""], ""max_depth"": 4, ""min_samples_leaf"": 3, ""threshold"": 0.5}"
9,0,LDA,"{""features"": [""钾_相对_铅钡"", ""铅钡_相对_硅铝"", ""硅铝_相对_总助熔""], ""shrinkage"": ""auto"", ""threshold"": 0.26}"
9,1,Logistic,"{""C"": 10, ""class_weight"": ""none"", ""features"": [""铅钡_相对_硅铝"", ""硅铝_相对_总助熔""], ""threshold"": 0.45000000000000007}"
9,1,CART,"{""ccp_alpha"": 0.0, ""class_weight"": ""none"", ""features"": [""钾_相对_铅钡"", ""铅钡_相对_硅铝"", ""硅铝_相对_总助熔""], ""max_depth"": 4, ""min_samples_leaf"": 3, ""threshold"": 0.51}"
9,1,LDA,"{""features"": [""钾_相对_铅钡"", ""铅钡_相对_硅铝"", ""硅铝_相对_总助熔""], ""shrinkage"": 0.5, ""threshold"": 0.5}"
9,2,Logistic,"{""C"": 1000, ""class_weight"": ""balanced"", ""features"": [""钾_相对_铅钡"", ""铅钡_相对_硅铝"", ""硅铝_相对_总助熔""], ""threshold"": 0.6800000000000002}"
9,2,CART,"{""ccp_alpha"": 0.0, ""class_weight"": ""none"", ""features"": [""钾_相对_铅钡"", ""铅钡_相对_硅铝"", ""硅铝_相对_总助熔""], ""max_depth"": 1, ""min_samples_leaf"": 8, ""threshold"": 0.5}"
9,2,LDA,"{""features"": [""钾_相对_铅钡"", ""铅钡_相对_硅铝"", ""硅铝_相对_总助熔""], ""shrinkage"": 0.1, ""threshold"": 0.36000000000000004}"
9,3,Logistic,"{""C"": 10, ""class_weight"": ""none"", ""features"": [""铅钡_相对_硅铝"", ""硅铝_相对_总助熔""], ""threshold"": 0.5}"
9,3,CART,"{""ccp_alpha"": 0.0, ""class_weight"": ""balanced"", ""features"": [""钾_相对_铅钡"", ""铅钡_相对_硅铝"", ""硅铝_相对_总助熔""], ""max_depth"": 3, ""min_samples_leaf"": 3, ""threshold"": 0.5}"
9,3,LDA,"{""features"": [""钾_相对_铅钡"", ""铅钡_相对_硅铝"", ""硅铝_相对_总助熔""], ""shrinkage"": 0.5, ""threshold"": 0.5}"
9,4,Logistic,"{""C"": 100, ""class_weight"": ""balanced"", ""features"": [""钾_相对_铅钡"", ""铅钡_相对_硅铝"", ""硅铝_相对_总助熔""], ""threshold"": 0.5}"
9,4,CART,"{""ccp_alpha"": 0.0, ""class_weight"": ""none"", ""features"": [""钾_相对_铅钡"", ""铅钡_相对_硅铝"", ""硅铝_相对_总助熔""], ""max_depth"": 1, ""min_samples_leaf"": 8, ""threshold"": 0.5}"
9,4,LDA,"{""features"": [""钾_相对_铅钡"", ""铅钡_相对_硅铝"", ""硅铝_相对_总助熔""], ""shrinkage"": 0.7, ""threshold"": 0.5}"
10,0,Logistic,"{""C"": 100, ""class_weight"": ""balanced"", ""features"": [""钾_相对_铅钡"", ""铅钡_相对_硅铝"", ""硅铝_相对_总助熔""], ""threshold"": 0.5}"
10,0,CART,"{""ccp_alpha"": 0.0, ""class_weight"": ""balanced"", ""features"": [""钾_相对_铅钡"", ""铅钡_相对_硅铝"", ""硅铝_相对_总助熔""], ""max_depth"": 1, ""min_samples_leaf"": 8, ""threshold"": 0.5}"
10,0,LDA,"{""features"": [""钾_相对_铅钡"", ""铅钡_相对_硅铝"", ""硅铝_相对_总助熔""], ""shrinkage"": ""auto"", ""threshold"": 0.45000000000000007}"
10,1,Logistic,"{""C"": 0.1, ""class_weight"": ""none"", ""features"": [""钾_相对_铅钡"", ""硅铝_相对_总助熔""], ""threshold"": 0.5}"
10,1,CART,"{""ccp_alpha"": 0.0, ""class_weight"": ""none"", ""features"": [""钾_相对_铅钡"", ""铅钡_相对_硅铝"", ""硅铝_相对_总助熔""], ""max_depth"": 2, ""min_samples_leaf"": 5, ""threshold"": 0.5}"
10,1,LDA,"{""features"": [""钾_相对_铅钡"", ""铅钡_相对_硅铝"", ""硅铝_相对_总助熔""], ""shrinkage"": 0.5, ""threshold"": 0.5}"
10,2,Logistic,"{""C"": 10, ""class_weight"": ""none"", ""features"": [""铅钡_相对_硅铝"", ""硅铝_相对_总助熔""], ""threshold"": 0.5}"
10,2,CART,"{""ccp_alpha"": 0.0, ""class_weight"": ""none"", ""features"": [""钾_相对_铅钡"", ""铅钡_相对_硅铝"", ""硅铝_相对_总助熔""], ""max_depth"": 1, ""min_samples_leaf"": 6, ""threshold"": 0.5}"
10,2,LDA,"{""features"": [""钾_相对_铅钡"", ""铅钡_相对_硅铝"", ""硅铝_相对_总助熔""], ""shrinkage"": 0.7, ""threshold"": 0.5}"
10,3,Logistic,"{""C"": 100, ""class_weight"": ""none"", ""features"": [""铅钡_相对_硅铝"", ""硅铝_相对_总助熔""], ""threshold"": 0.5}"
10,3,CART,"{""ccp_alpha"": 0.0, ""class_weight"": ""none"", ""features"": [""钾_相对_铅钡"", ""铅钡_相对_硅铝"", ""硅铝_相对_总助熔""], ""max_depth"": 2, ""min_samples_leaf"": 6, ""threshold"": 0.5}"
10,3,LDA,"{""features"": [""钾_相对_铅钡"", ""铅钡_相对_硅铝"", ""硅铝_相对_总助熔""], ""shrinkage"": 0.5, ""threshold"": 0.35000000000000003}"
10,4,Logistic,"{""C"": 1000, ""class_weight"": ""balanced"", ""features"": [""钾_相对_铅钡"", ""铅钡_相对_硅铝"", ""硅铝_相对_总助熔""], ""threshold"": 0.6500000000000001}"
10,4,CART,"{""ccp_alpha"": 0.0, ""class_weight"": ""none"", ""features"": [""钾_相对_铅钡"", ""铅钡_相对_硅铝"", ""硅铝_相对_总助熔""], ""max_depth"": 1, ""min_samples_leaf"": 5, ""threshold"": 0.5}"
10,4,LDA,"{""features"": [""钾_相对_铅钡"", ""铅钡_相对_硅铝"", ""硅铝_相对_总助熔""], ""shrinkage"": 0.5, ""threshold"": 0.5}"
11,0,Logistic,"{""C"": 100, ""class_weight"": ""balanced"", ""features"": [""钾_相对_铅钡"", ""铅钡_相对_硅铝"", ""硅铝_相对_总助熔""], ""threshold"": 0.6000000000000001}"
11,0,CART,"{""ccp_alpha"": 0.0, ""class_weight"": ""balanced"", ""features"": [""钾_相对_铅钡"", ""铅钡_相对_硅铝"", ""硅铝_相对_总助熔""], ""max_depth"": 1, ""min_samples_leaf"": 8, ""threshold"": 0.5}"
11,0,LDA,"{""features"": [""钾_相对_铅钡"", ""铅钡_相对_硅铝"", ""硅铝_相对_总助熔""], ""shrinkage"": 0.7, ""threshold"": 0.5}"
11,1,Logistic,"{""C"": 100, ""class_weight"": ""balanced"", ""features"": [""钾_相对_铅钡""], ""threshold"": 0.6700000000000002}"
11,1,CART,"{""ccp_alpha"": 0.0, ""class_weight"": ""balanced"", ""features"": [""钾_相对_铅钡"", ""铅钡_相对_硅铝"", ""硅铝_相对_总助熔""], ""max_depth"": 1, ""min_samples_leaf"": 8, ""threshold"": 0.5}"
11,1,LDA,"{""features"": [""钾_相对_铅钡"", ""铅钡_相对_硅铝"", ""硅铝_相对_总助熔""], ""shrinkage"": ""auto"", ""threshold"": 0.5}"
11,2,Logistic,"{""C"": 1000, ""class_weight"": ""balanced"", ""features"": [""钾_相对_铅钡"", ""铅钡_相对_硅铝"", ""硅铝_相对_总助熔""], ""threshold"": 0.5}"
11,2,CART,"{""ccp_alpha"": 0.0, ""class_weight"": ""none"", ""features"": [""钾_相对_铅钡"", ""铅钡_相对_硅铝"", ""硅铝_相对_总助熔""], ""max_depth"": 3, ""min_samples_leaf"": 4, ""threshold"": 0.2}"
11,2,LDA,"{""features"": [""钾_相对_铅钡"", ""铅钡_相对_硅铝"", ""硅铝_相对_总助熔""], ""shrinkage"": ""auto"", ""threshold"": 0.42000000000000004}"
11,3,Logistic,"{""C"": 1, ""class_weight"": ""none"", ""features"": [""钾_相对_铅钡"", ""铅钡_相对_硅铝""], ""threshold"": 0.5}"
11,3,CART,"{""ccp_alpha"": 0.0, ""class_weight"": ""none"", ""features"": [""钾_相对_铅钡"", ""铅钡_相对_硅铝"", ""硅铝_相对_总助熔""], ""max_depth"": 3, ""min_samples_leaf"": 3, ""threshold"": 0.5800000000000001}"
11,3,LDA,"{""features"": [""钾_相对_铅钡"", ""铅钡_相对_硅铝"", ""硅铝_相对_总助熔""], ""shrinkage"": ""auto"", ""threshold"": 0.22000000000000003}"
11,4,Logistic,"{""C"": 10, ""class_weight"": ""none"", ""features"": [""铅钡_相对_硅铝"", ""硅铝_相对_总助熔""], ""threshold"": 0.5}"
11,4,CART,"{""ccp_alpha"": 0.0, ""class_weight"": ""balanced"", ""features"": [""钾_相对_铅钡"", ""铅钡_相对_硅铝"", ""硅铝_相对_总助熔""], ""max_depth"": 1, ""min_samples_leaf"": 8, ""threshold"": 0.5}"
11,4,LDA,"{""features"": [""钾_相对_铅钡"", ""铅钡_相对_硅铝"", ""硅铝_相对_总助熔""], ""shrinkage"": 0.3, ""threshold"": 0.5}"
12,0,Logistic,"{""C"": 100, ""class_weight"": ""balanced"", ""features"": [""钾_相对_铅钡"", ""铅钡_相对_硅铝"", ""硅铝_相对_总助熔""], ""threshold"": 0.44000000000000006}"
12,0,CART,"{""ccp_alpha"": 0.0, ""class_weight"": ""balanced"", ""features"": [""钾_相对_铅钡"", ""铅钡_相对_硅铝"", ""硅铝_相对_总助熔""], ""max_depth"": 1, ""min_samples_leaf"": 8, ""threshold"": 0.5}"
12,0,LDA,"{""features"": [""钾_相对_铅钡"", ""铅钡_相对_硅铝"", ""硅铝_相对_总助熔""], ""shrinkage"": ""auto"", ""threshold"": 0.79}"
12,1,Logistic,"{""C"": 1, ""class_weight"": ""none"", ""features"": [""铅钡_相对_硅铝"", ""硅铝_相对_总助熔""], ""threshold"": 0.5}"
12,1,CART,"{""ccp_alpha"": 0.0, ""class_weight"": ""none"", ""features"": [""钾_相对_铅钡"", ""铅钡_相对_硅铝"", ""硅铝_相对_总助熔""], ""max_depth"": 1, ""min_samples_leaf"": 6, ""threshold"": 0.5}"
12,1,LDA,"{""features"": [""钾_相对_铅钡"", ""铅钡_相对_硅铝"", ""硅铝_相对_总助熔""], ""shrinkage"": 0.7, ""threshold"": 0.35000000000000003}"
12,2,Logistic,"{""C"": 10, ""class_weight"": ""none"", ""features"": [""铅钡_相对_硅铝"", ""硅铝_相对_总助熔""], ""threshold"": 0.5}"
12,2,CART,"{""ccp_alpha"": 0.0, ""class_weight"": ""none"", ""features"": [""钾_相对_铅钡"", ""铅钡_相对_硅铝"", ""硅铝_相对_总助熔""], ""max_depth"": 1, ""min_samples_leaf"": 6, ""threshold"": 0.5}"
12,2,LDA,"{""features"": [""钾_相对_铅钡"", ""铅钡_相对_硅铝"", ""硅铝_相对_总助熔""], ""shrinkage"": 0.5, ""threshold"": 0.5}"
12,3,Logistic,"{""C"": 1, ""class_weight"": ""none"", ""features"": [""钾_相对_铅钡""], ""threshold"": 0.8}"
12,3,CART,"{""ccp_alpha"": 0.0, ""class_weight"": ""none"", ""features"": [""钾_相对_铅钡"", ""铅钡_相对_硅铝"", ""硅铝_相对_总助熔""], ""max_depth"": 1, ""min_samples_leaf"": 6, ""threshold"": 0.5}"
12,3,LDA,"{""features"": [""钾_相对_铅钡"", ""铅钡_相对_硅铝"", ""硅铝_相对_总助熔""], ""shrinkage"": ""auto"", ""threshold"": 0.36000000000000004}"
12,4,Logistic,"{""C"": 100, ""class_weight"": ""balanced"", ""features"": [""钾_相对_铅钡"", ""铅钡_相对_硅铝"", ""硅铝_相对_总助熔""], ""threshold"": 0.5}"
12,4,CART,"{""ccp_alpha"": 0.0, ""class_weight"": ""balanced"", ""features"": [""钾_相对_铅钡"", ""铅钡_相对_硅铝"", ""硅铝_相对_总助熔""], ""max_depth"": 4, ""min_samples_leaf"": 3, ""threshold"": 0.5}"
12,4,LDA,"{""features"": [""钾_相对_铅钡"", ""铅钡_相对_硅铝"", ""硅铝_相对_总助熔""], ""shrinkage"": ""auto"", ""threshold"": 0.4}"
13,0,Logistic,"{""C"": 1000, ""class_weight"": ""balanced"", ""features"": [""钾_相对_铅钡"", ""铅钡_相对_硅铝"", ""硅铝_相对_总助熔""], ""threshold"": 0.4600000000000001}"
13,0,CART,"{""ccp_alpha"": 0.0, ""class_weight"": ""none"", ""features"": [""钾_相对_铅钡"", ""铅钡_相对_硅铝"", ""硅铝_相对_总助熔""], ""max_depth"": 1, ""min_samples_leaf"": 6, ""threshold"": 0.5}"
13,0,LDA,"{""features"": [""钾_相对_铅钡"", ""铅钡_相对_硅铝"", ""硅铝_相对_总助熔""], ""shrinkage"": 0.1, ""threshold"": 0.5}"
13,1,Logistic,"{""C"": 1000, ""class_weight"": ""balanced"", ""features"": [""钾_相对_铅钡"", ""铅钡_相对_硅铝"", ""硅铝_相对_总助熔""], ""threshold"": 0.5}"
13,1,CART,"{""ccp_alpha"": 0.0, ""class_weight"": ""balanced"", ""features"": [""钾_相对_铅钡"", ""铅钡_相对_硅铝"", ""硅铝_相对_总助熔""], ""max_depth"": 1, ""min_samples_leaf"": 8, ""threshold"": 0.5}"
13,1,LDA,"{""features"": [""钾_相对_铅钡"", ""铅钡_相对_硅铝"", ""硅铝_相对_总助熔""], ""shrinkage"": 0.3, ""threshold"": 0.5}"
13,2,Logistic,"{""C"": 10, ""class_weight"": ""none"", ""features"": [""铅钡_相对_硅铝"", ""硅铝_相对_总助熔""], ""threshold"": 0.5}"
13,2,CART,"{""ccp_alpha"": 0.0, ""class_weight"": ""none"", ""features"": [""钾_相对_铅钡"", ""铅钡_相对_硅铝"", ""硅铝_相对_总助熔""], ""max_depth"": 2, ""min_samples_leaf"": 6, ""threshold"": 0.5}"
13,2,LDA,"{""features"": [""钾_相对_铅钡"", ""铅钡_相对_硅铝"", ""硅铝_相对_总助熔""], ""shrinkage"": 0.3, ""threshold"": 0.5}"
13,3,Logistic,"{""C"": 0.1, ""class_weight"": ""none"", ""features"": [""钾_相对_铅钡"", ""硅铝_相对_总助熔""], ""threshold"": 0.5}"
13,3,CART,"{""ccp_alpha"": 0.0, ""class_weight"": ""none"", ""features"": [""钾_相对_铅钡"", ""铅钡_相对_硅铝"", ""硅铝_相对_总助熔""], ""max_depth"": 1, ""min_samples_leaf"": 5, ""threshold"": 0.5}"
13,3,LDA,"{""features"": [""钾_相对_铅钡"", ""铅钡_相对_硅铝"", ""硅铝_相对_总助熔""], ""shrinkage"": ""auto"", ""threshold"": 0.5}"
13,4,Logistic,"{""C"": 0.1, ""class_weight"": ""none"", ""features"": [""钾_相对_铅钡"", ""铅钡_相对_硅铝""], ""threshold"": 0.5}"
13,4,CART,"{""ccp_alpha"": 0.0, ""class_weight"": ""none"", ""features"": [""钾_相对_铅钡"", ""铅钡_相对_硅铝"", ""硅铝_相对_总助熔""], ""max_depth"": 1, ""min_samples_leaf"": 6, ""threshold"": 0.5}"
13,4,LDA,"{""features"": [""钾_相对_铅钡"", ""铅钡_相对_硅铝"", ""硅铝_相对_总助熔""], ""shrinkage"": 0.3, ""threshold"": 0.5}"
14,0,Logistic,"{""C"": 100, ""class_weight"": ""balanced"", ""features"": [""钾_相对_铅钡"", ""铅钡_相对_硅铝"", ""硅铝_相对_总助熔""], ""threshold"": 0.6300000000000001}"
14,0,CART,"{""ccp_alpha"": 0.0, ""class_weight"": ""balanced"", ""features"": [""钾_相对_铅钡"", ""铅钡_相对_硅铝"", ""硅铝_相对_总助熔""], ""max_depth"": 3, ""min_samples_leaf"": 3, ""threshold"": 0.5}"
14,0,LDA,"{""features"": [""钾_相对_铅钡"", ""铅钡_相对_硅铝"", ""硅铝_相对_总助熔""], ""shrinkage"": ""auto"", ""threshold"": 0.5}"
14,1,Logistic,"{""C"": 100, ""class_weight"": ""balanced"", ""features"": [""钾_相对_铅钡"", ""铅钡_相对_硅铝"", ""硅铝_相对_总助熔""], ""threshold"": 0.6100000000000001}"
14,1,CART,"{""ccp_alpha"": 0.0, ""class_weight"": ""none"", ""features"": [""钾_相对_铅钡"", ""铅钡_相对_硅铝"", ""硅铝_相对_总助熔""], ""max_depth"": 3, ""min_samples_leaf"": 3, ""threshold"": 0.5}"
14,1,LDA,"{""features"": [""钾_相对_铅钡"", ""铅钡_相对_硅铝"", ""硅铝_相对_总助熔""], ""shrinkage"": 0.3, ""threshold"": 0.5}"
14,2,Logistic,"{""C"": 100, ""class_weight"": ""balanced"", ""features"": [""钾_相对_铅钡"", ""铅钡_相对_硅铝"", ""硅铝_相对_总助熔""], ""threshold"": 0.6300000000000001}"
14,2,CART,"{""ccp_alpha"": 0.0, ""class_weight"": ""none"", ""features"": [""钾_相对_铅钡"", ""铅钡_相对_硅铝"", ""硅铝_相对_总助熔""], ""max_depth"": 2, ""min_samples_leaf"": 6, ""threshold"": 0.5}"
14,2,LDA,"{""features"": [""钾_相对_铅钡"", ""铅钡_相对_硅铝"", ""硅铝_相对_总助熔""], ""shrinkage"": ""auto"", ""threshold"": 0.5}"
14,3,Logistic,"{""C"": 100, ""class_weight"": ""balanced"", ""features"": [""钾_相对_铅钡"", ""铅钡_相对_硅铝"", ""硅铝_相对_总助熔""], ""threshold"": 0.56}"
14,3,CART,"{""ccp_alpha"": 0.0, ""class_weight"": ""none"", ""features"": [""钾_相对_铅钡"", ""铅钡_相对_硅铝"", ""硅铝_相对_总助熔""], ""max_depth"": 1, ""min_samples_leaf"": 6, ""threshold"": 0.5}"
14,3,LDA,"{""features"": [""钾_相对_铅钡"", ""铅钡_相对_硅铝"", ""硅铝_相对_总助熔""], ""shrinkage"": 0.5, ""threshold"": 0.5}"
14,4,Logistic,"{""C"": 1000, ""class_weight"": ""none"", ""features"": [""钾_相对_铅钡"", ""铅钡_相对_硅铝"", ""硅铝_相对_总助熔""], ""threshold"": 0.6200000000000001}"
14,4,CART,"{""ccp_alpha"": 0.0, ""class_weight"": ""none"", ""features"": [""钾_相对_铅钡"", ""铅钡_相对_硅铝"", ""硅铝_相对_总助熔""], ""max_depth"": 1, ""min_samples_leaf"": 4, ""threshold"": 0.5}"
14,4,LDA,"{""features"": [""钾_相对_铅钡"", ""铅钡_相对_硅铝"", ""硅铝_相对_总助熔""], ""shrinkage"": 0.3, ""threshold"": 0.5}"
15,0,Logistic,"{""C"": 100, ""class_weight"": ""balanced"", ""features"": [""钾_相对_铅钡"", ""铅钡_相对_硅铝"", ""硅铝_相对_总助熔""], ""threshold"": 0.5800000000000001}"
15,0,CART,"{""ccp_alpha"": 0.0, ""class_weight"": ""none"", ""features"": [""钾_相对_铅钡"", ""铅钡_相对_硅铝"", ""硅铝_相对_总助熔""], ""max_depth"": 4, ""min_samples_leaf"": 3, ""threshold"": 0.5}"
15,0,LDA,"{""features"": [""钾_相对_铅钡"", ""铅钡_相对_硅铝"", ""硅铝_相对_总助熔""], ""shrinkage"": ""auto"", ""threshold"": 0.5}"
15,1,Logistic,"{""C"": 1, ""class_weight"": ""none"", ""features"": [""钾_相对_铅钡""], ""threshold"": 0.8}"
15,1,CART,"{""ccp_alpha"": 0.0, ""class_weight"": ""none"", ""features"": [""钾_相对_铅钡"", ""铅钡_相对_硅铝"", ""硅铝_相对_总助熔""], ""max_depth"": 1, ""min_samples_leaf"": 6, ""threshold"": 0.5}"
15,1,LDA,"{""features"": [""钾_相对_铅钡"", ""铅钡_相对_硅铝"", ""硅铝_相对_总助熔""], ""shrinkage"": ""auto"", ""threshold"": 0.41000000000000003}"
15,2,Logistic,"{""C"": 100, ""class_weight"": ""balanced"", ""features"": [""钾_相对_铅钡"", ""铅钡_相对_硅铝"", ""硅铝_相对_总助熔""], ""threshold"": 0.5}"
15,2,CART,"{""ccp_alpha"": 0.0, ""class_weight"": ""none"", ""features"": [""钾_相对_铅钡"", ""铅钡_相对_硅铝"", ""硅铝_相对_总助熔""], ""max_depth"": 3, ""min_samples_leaf"": 6, ""threshold"": 0.5}"
15,2,LDA,"{""features"": [""钾_相对_铅钡"", ""铅钡_相对_硅铝"", ""硅铝_相对_总助熔""], ""shrinkage"": 0.1, ""threshold"": 0.5}"
15,3,Logistic,"{""C"": 1, ""class_weight"": ""none"", ""features"": [""钾_相对_铅钡"", ""铅钡_相对_硅铝""], ""threshold"": 0.5}"
15,3,CART,"{""ccp_alpha"": 0.0, ""class_weight"": ""none"", ""features"": [""钾_相对_铅钡"", ""铅钡_相对_硅铝"", ""硅铝_相对_总助熔""], ""max_depth"": 4, ""min_samples_leaf"": 5, ""threshold"": 0.5}"
15,3,LDA,"{""features"": [""钾_相对_铅钡"", ""铅钡_相对_硅铝"", ""硅铝_相对_总助熔""], ""shrinkage"": 0.3, ""threshold"": 0.5}"
15,4,Logistic,"{""C"": 100, ""class_weight"": ""balanced"", ""features"": [""钾_相对_铅钡"", ""铅钡_相对_硅铝"", ""硅铝_相对_总助熔""], ""threshold"": 0.7100000000000002}"
15,4,CART,"{""ccp_alpha"": 0.0, ""class_weight"": ""none"", ""features"": [""钾_相对_铅钡"", ""铅钡_相对_硅铝"", ""硅铝_相对_总助熔""], ""max_depth"": 1, ""min_samples_leaf"": 6, ""threshold"": 0.5}"
15,4,LDA,"{""features"": [""钾_相对_铅钡"", ""铅钡_相对_硅铝"", ""硅铝_相对_总助熔""], ""shrinkage"": 0.3, ""threshold"": 0.5}"
16,0,Logistic,"{""C"": 10, ""class_weight"": ""none"", ""features"": [""铅钡_相对_硅铝"", ""硅铝_相对_总助熔""], ""threshold"": 0.5}"
16,0,CART,"{""ccp_alpha"": 0.0, ""class_weight"": ""none"", ""features"": [""钾_相对_铅钡"", ""铅钡_相对_硅铝"", ""硅铝_相对_总助熔""], ""max_depth"": 1, ""min_samples_leaf"": 6, ""threshold"": 0.5}"
16,0,LDA,"{""features"": [""钾_相对_铅钡"", ""铅钡_相对_硅铝"", ""硅铝_相对_总助熔""], ""shrinkage"": 0.3, ""threshold"": 0.38000000000000006}"
16,1,Logistic,"{""C"": 1000, ""class_weight"": ""balanced"", ""features"": [""钾_相对_铅钡"", ""铅钡_相对_硅铝"", ""硅铝_相对_总助熔""], ""threshold"": 0.6100000000000001}"
16,1,CART,"{""ccp_alpha"": 0.0, ""class_weight"": ""none"", ""features"": [""钾_相对_铅钡"", ""铅钡_相对_硅铝"", ""硅铝_相对_总助熔""], ""max_depth"": 4, ""min_samples_leaf"": 3, ""threshold"": 0.5}"
16,1,LDA,"{""features"": [""钾_相对_铅钡"", ""铅钡_相对_硅铝"", ""硅铝_相对_总助熔""], ""shrinkage"": ""auto"", ""threshold"": 0.5}"
16,2,Logistic,"{""C"": 100, ""class_weight"": ""balanced"", ""features"": [""钾_相对_铅钡"", ""铅钡_相对_硅铝"", ""硅铝_相对_总助熔""], ""threshold"": 0.6000000000000001}"
16,2,CART,"{""ccp_alpha"": 0.0, ""class_weight"": ""none"", ""features"": [""钾_相对_铅钡"", ""铅钡_相对_硅铝"", ""硅铝_相对_总助熔""], ""max_depth"": 3, ""min_samples_leaf"": 3, ""threshold"": 0.5}"
16,2,LDA,"{""features"": [""钾_相对_铅钡"", ""铅钡_相对_硅铝"", ""硅铝_相对_总助熔""], ""shrinkage"": 0.9, ""threshold"": 0.5}"
16,3,Logistic,"{""C"": 10, ""class_weight"": ""none"", ""features"": [""铅钡_相对_硅铝"", ""硅铝_相对_总助熔""], ""threshold"": 0.5}"
16,3,CART,"{""ccp_alpha"": 0.0, ""class_weight"": ""balanced"", ""features"": [""钾_相对_铅钡"", ""铅钡_相对_硅铝"", ""硅铝_相对_总助熔""], ""max_depth"": 4, ""min_samples_leaf"": 4, ""threshold"": 0.45000000000000007}"
16,3,LDA,"{""features"": [""钾_相对_铅钡"", ""铅钡_相对_硅铝"", ""硅铝_相对_总助熔""], ""shrinkage"": ""auto"", ""threshold"": 0.5}"
16,4,Logistic,"{""C"": 100, ""class_weight"": ""balanced"", ""features"": [""钾_相对_铅钡"", ""铅钡_相对_硅铝"", ""硅铝_相对_总助熔""], ""threshold"": 0.43000000000000005}"
16,4,CART,"{""ccp_alpha"": 0.0, ""class_weight"": ""none"", ""features"": [""钾_相对_铅钡"", ""铅钡_相对_硅铝"", ""硅铝_相对_总助熔""], ""max_depth"": 3, ""min_samples_leaf"": 3, ""threshold"": 0.44000000000000006}"
16,4,LDA,"{""features"": [""钾_相对_铅钡"", ""铅钡_相对_硅铝"", ""硅铝_相对_总助熔""], ""shrinkage"": 0.5, ""threshold"": 0.35000000000000003}"
17,0,Logistic,"{""C"": 100, ""class_weight"": ""balanced"", ""features"": [""钾_相对_铅钡"", ""铅钡_相对_硅铝"", ""硅铝_相对_总助熔""], ""threshold"": 0.5}"
17,0,CART,"{""ccp_alpha"": 0.0, ""class_weight"": ""none"", ""features"": [""钾_相对_铅钡"", ""铅钡_相对_硅铝"", ""硅铝_相对_总助熔""], ""max_depth"": 2, ""min_samples_leaf"": 4, ""threshold"": 0.5}"
17,0,LDA,"{""features"": [""钾_相对_铅钡"", ""铅钡_相对_硅铝"", ""硅铝_相对_总助熔""], ""shrinkage"": 0.3, ""threshold"": 0.5}"
17,1,Logistic,"{""C"": 0.1, ""class_weight"": ""none"", ""features"": [""钾_相对_铅钡"", ""铅钡_相对_硅铝""], ""threshold"": 0.5}"
17,1,CART,"{""ccp_alpha"": 0.0, ""class_weight"": ""none"", ""features"": [""钾_相对_铅钡"", ""铅钡_相对_硅铝"", ""硅铝_相对_总助熔""], ""max_depth"": 3, ""min_samples_leaf"": 3, ""threshold"": 0.6700000000000002}"
17,1,LDA,"{""features"": [""钾_相对_铅钡"", ""铅钡_相对_硅铝"", ""硅铝_相对_总助熔""], ""shrinkage"": 0.3, ""threshold"": 0.5}"
17,2,Logistic,"{""C"": 100, ""class_weight"": ""none"", ""features"": [""钾_相对_铅钡"", ""铅钡_相对_硅铝""], ""threshold"": 0.76}"
17,2,CART,"{""ccp_alpha"": 0.0, ""class_weight"": ""none"", ""features"": [""钾_相对_铅钡"", ""铅钡_相对_硅铝"", ""硅铝_相对_总助熔""], ""max_depth"": 2, ""min_samples_leaf"": 4, ""threshold"": 0.5}"
17,2,LDA,"{""features"": [""钾_相对_铅钡"", ""铅钡_相对_硅铝"", ""硅铝_相对_总助熔""], ""shrinkage"": 0.5, ""threshold"": 0.5}"
17,3,Logistic,"{""C"": 1000, ""class_weight"": ""balanced"", ""features"": [""钾_相对_铅钡"", ""铅钡_相对_硅铝"", ""硅铝_相对_总助熔""], ""threshold"": 0.51}"
17,3,CART,"{""ccp_alpha"": 0.0, ""class_weight"": ""none"", ""features"": [""钾_相对_铅钡"", ""铅钡_相对_硅铝"", ""硅铝_相对_总助熔""], ""max_depth"": 1, ""min_samples_leaf"": 6, ""threshold"": 0.5}"
17,3,LDA,"{""features"": [""钾_相对_铅钡"", ""铅钡_相对_硅铝"", ""硅铝_相对_总助熔""], ""shrinkage"": 0.1, ""threshold"": 0.5}"
17,4,Logistic,"{""C"": 1, ""class_weight"": ""none"", ""features"": [""钾_相对_铅钡""], ""threshold"": 0.4600000000000001}"
17,4,CART,"{""ccp_alpha"": 0.0, ""class_weight"": ""none"", ""features"": [""钾_相对_铅钡"", ""铅钡_相对_硅铝"", ""硅铝_相对_总助熔""], ""max_depth"": 3, ""min_samples_leaf"": 5, ""threshold"": 0.5}"
17,4,LDA,"{""features"": [""钾_相对_铅钡"", ""铅钡_相对_硅铝"", ""硅铝_相对_总助熔""], ""shrinkage"": 0.3, ""threshold"": 0.5}"
18,0,Logistic,"{""C"": 1000, ""class_weight"": ""balanced"", ""features"": [""钾_相对_铅钡"", ""铅钡_相对_硅铝"", ""硅铝_相对_总助熔""], ""threshold"": 0.51}"
18,0,CART,"{""ccp_alpha"": 0.0, ""class_weight"": ""none"", ""features"": [""钾_相对_铅钡"", ""铅钡_相对_硅铝"", ""硅铝_相对_总助熔""], ""max_depth"": 1, ""min_samples_leaf"": 4, ""threshold"": 0.5}"
18,0,LDA,"{""features"": [""钾_相对_铅钡"", ""铅钡_相对_硅铝"", ""硅铝_相对_总助熔""], ""shrinkage"": ""auto"", ""threshold"": 0.5}"
18,1,Logistic,"{""C"": 100, ""class_weight"": ""balanced"", ""features"": [""钾_相对_铅钡"", ""铅钡_相对_硅铝"", ""硅铝_相对_总助熔""], ""threshold"": 0.5}"
18,1,CART,"{""ccp_alpha"": 0.0, ""class_weight"": ""balanced"", ""features"": [""钾_相对_铅钡"", ""铅钡_相对_硅铝"", ""硅铝_相对_总助熔""], ""max_depth"": 2, ""min_samples_leaf"": 8, ""threshold"": 0.5}"
18,1,LDA,"{""features"": [""钾_相对_铅钡"", ""铅钡_相对_硅铝"", ""硅铝_相对_总助熔""], ""shrinkage"": ""auto"", ""threshold"": 0.5}"
18,2,Logistic,"{""C"": 1, ""class_weight"": ""none"", ""features"": [""钾_相对_铅钡"", ""铅钡_相对_硅铝""], ""threshold"": 0.5}"
18,2,CART,"{""ccp_alpha"": 0.0, ""class_weight"": ""none"", ""features"": [""钾_相对_铅钡"", ""铅钡_相对_硅铝"", ""硅铝_相对_总助熔""], ""max_depth"": 3, ""min_samples_leaf"": 6, ""threshold"": 0.5}"
18,2,LDA,"{""features"": [""钾_相对_铅钡"", ""铅钡_相对_硅铝"", ""硅铝_相对_总助熔""], ""shrinkage"": ""auto"", ""threshold"": 0.5}"
18,3,Logistic,"{""C"": 10, ""class_weight"": ""balanced"", ""features"": [""钾_相对_铅钡"", ""铅钡_相对_硅铝"", ""硅铝_相对_总助熔""], ""threshold"": 0.49000000000000005}"
18,3,CART,"{""ccp_alpha"": 0.0, ""class_weight"": ""balanced"", ""features"": [""钾_相对_铅钡"", ""铅钡_相对_硅铝"", ""硅铝_相对_总助熔""], ""max_depth"": 1, ""min_samples_leaf"": 8, ""threshold"": 0.5}"
18,3,LDA,"{""features"": [""钾_相对_铅钡"", ""铅钡_相对_硅铝"", ""硅铝_相对_总助熔""], ""shrinkage"": ""auto"", ""threshold"": 0.5}"
18,4,Logistic,"{""C"": 100, ""class_weight"": ""balanced"", ""features"": [""钾_相对_铅钡"", ""铅钡_相对_硅铝"", ""硅铝_相对_总助熔""], ""threshold"": 0.5}"
18,4,CART,"{""ccp_alpha"": 0.0, ""class_weight"": ""none"", ""features"": [""钾_相对_铅钡"", ""铅钡_相对_硅铝"", ""硅铝_相对_总助熔""], ""max_depth"": 3, ""min_samples_leaf"": 3, ""threshold"": 0.5}"
18,4,LDA,"{""features"": [""钾_相对_铅钡"", ""铅钡_相对_硅铝"", ""硅铝_相对_总助熔""], ""shrinkage"": 0.5, ""threshold"": 0.5}"
19,0,Logistic,"{""C"": 1000, ""class_weight"": ""balanced"", ""features"": [""钾_相对_铅钡"", ""铅钡_相对_硅铝"", ""硅铝_相对_总助熔""], ""threshold"": 0.21000000000000002}"
19,0,CART,"{""ccp_alpha"": 0.0, ""class_weight"": ""none"", ""features"": [""钾_相对_铅钡"", ""铅钡_相对_硅铝"", ""硅铝_相对_总助熔""], ""max_depth"": 3, ""min_samples_leaf"": 4, ""threshold"": 0.4}"
19,0,LDA,"{""features"": [""钾_相对_铅钡"", ""铅钡_相对_硅铝"", ""硅铝_相对_总助熔""], ""shrinkage"": 0.5, ""threshold"": 0.5}"
19,1,Logistic,"{""C"": 100, ""class_weight"": ""balanced"", ""features"": [""钾_相对_铅钡"", ""铅钡_相对_硅铝"", ""硅铝_相对_总助熔""], ""threshold"": 0.48000000000000004}"
19,1,CART,"{""ccp_alpha"": 0.0, ""class_weight"": ""none"", ""features"": [""钾_相对_铅钡"", ""铅钡_相对_硅铝"", ""硅铝_相对_总助熔""], ""max_depth"": 2, ""min_samples_leaf"": 4, ""threshold"": 0.5}"
19,1,LDA,"{""features"": [""钾_相对_铅钡"", ""铅钡_相对_硅铝"", ""硅铝_相对_总助熔""], ""shrinkage"": ""auto"", ""threshold"": 0.22000000000000003}"
19,2,Logistic,"{""C"": 1000, ""class_weight"": ""balanced"", ""features"": [""钾_相对_铅钡"", ""铅钡_相对_硅铝"", ""硅铝_相对_总助熔""], ""threshold"": 0.5}"
19,2,CART,"{""ccp_alpha"": 0.0, ""class_weight"": ""balanced"", ""features"": [""钾_相对_铅钡"", ""铅钡_相对_硅铝"", ""硅铝_相对_总助熔""], ""max_depth"": 3, ""min_samples_leaf"": 3, ""threshold"": 0.5}"
19,2,LDA,"{""features"": [""钾_相对_铅钡"", ""铅钡_相对_硅铝"", ""硅铝_相对_总助熔""], ""shrinkage"": ""auto"", ""threshold"": 0.5}"
19,3,Logistic,"{""C"": 1000, ""class_weight"": ""none"", ""features"": [""钾_相对_铅钡"", ""铅钡_相对_硅铝"", ""硅铝_相对_总助熔""], ""threshold"": 0.5}"
19,3,CART,"{""ccp_alpha"": 0.0, ""class_weight"": ""none"", ""features"": [""钾_相对_铅钡"", ""铅钡_相对_硅铝"", ""硅铝_相对_总助熔""], ""max_depth"": 2, ""min_samples_leaf"": 4, ""threshold"": 0.5}"
19,3,LDA,"{""features"": [""钾_相对_铅钡"", ""铅钡_相对_硅铝"", ""硅铝_相对_总助熔""], ""shrinkage"": ""auto"", ""threshold"": 0.42000000000000004}"
19,4,Logistic,"{""C"": 1, ""class_weight"": ""none"", ""features"": [""钾_相对_铅钡"", ""铅钡_相对_硅铝""], ""threshold"": 0.5}"
19,4,CART,"{""ccp_alpha"": 0.0, ""class_weight"": ""balanced"", ""features"": [""钾_相对_铅钡"", ""铅钡_相对_硅铝"", ""硅铝_相对_总助熔""], ""max_depth"": 4, ""min_samples_leaf"": 4, ""threshold"": 0.5}"
19,4,LDA,"{""features"": [""钾_相对_铅钡"", ""铅钡_相对_硅铝"", ""硅铝_相对_总助熔""], ""shrinkage"": ""auto"", ""threshold"": 0.5}"
