repeat_id/final,feature_or_balance,numerator_components,denominator_components,coefficient,odds_ratio_per_sd,selected
r0_f0,钾_相对_铅钡,K2O,PbO+BaO,-5.502421106627846,0.004076888897218385,1
r0_f0,铅钡_相对_硅铝,PbO+BaO,SiO2+Al2O3,-6.922165067558202,0.0009856935355390705,1
r0_f0,硅铝_相对_总助熔,SiO2+Al2O3,Na2O+K2O+CaO+MgO+PbO+BaO,-5.384745692043486,0.004586006431882985,1
r0_f1,铅钡_相对_硅铝,PbO+BaO,SiO2+Al2O3,3.2666161642747125,26.22245656039553,1
r0_f1,硅铝_相对_总助熔,SiO2+Al2O3,Na2O+K2O+CaO+MgO+PbO+BaO,1.5435380464466466,4.681123037623467,1
r0_f2,钾_相对_铅钡,K2O,PbO+BaO,-1.2355268760458,0.290681568858813,1
r0_f2,硅铝_相对_总助熔,SiO2+Al2O3,Na2O+K2O+CaO+MgO+PbO+BaO,-0.38353740610911763,0.6814465873066029,1
r0_f3,钾_相对_铅钡,K2O,PbO+BaO,-0.1428608967257379,0.8668746456105658,1
r0_f4,钾_相对_铅钡,K2O,PbO+BaO,-5.94826030234918,0.0026103778386751225,1
r0_f4,铅钡_相对_硅铝,PbO+BaO,SiO2+Al2O3,-7.229943086691344,0.0007245620992027918,1
r0_f4,硅铝_相对_总助熔,SiO2+Al2O3,Na2O+K2O+CaO+MgO+PbO+BaO,-5.601002249261496,0.003694159391942324,1
r1_f0,钾_相对_铅钡,K2O,PbO+BaO,-0.7157425915926953,0.488828976694123,1
r1_f1,钾_相对_铅钡,K2O,PbO+BaO,-0.5749855477688058,0.5627130012065793,1
r1_f1,铅钡_相对_硅铝,PbO+BaO,SiO2+Al2O3,0.41304146249616397,1.5114076913704577,1
r1_f2,钾_相对_铅钡,K2O,PbO+BaO,-7.626858817875088,0.0004871888060720707,1
r1_f2,铅钡_相对_硅铝,PbO+BaO,SiO2+Al2O3,-9.597038985114684,6.792957949058008e-05,1
r1_f2,硅铝_相对_总助熔,SiO2+Al2O3,Na2O+K2O+CaO+MgO+PbO+BaO,-7.044528040584434,0.0008721683937639352,1
r1_f3,钾_相对_铅钡,K2O,PbO+BaO,-5.465356342065201,0.0042308331545621546,1
r1_f3,铅钡_相对_硅铝,PbO+BaO,SiO2+Al2O3,-7.087005152781285,0.0008358970045392259,1
r1_f3,硅铝_相对_总助熔,SiO2+Al2O3,Na2O+K2O+CaO+MgO+PbO+BaO,-5.856126610825282,0.002862309075546444,1
r1_f4,钾_相对_铅钡,K2O,PbO+BaO,-7.634391060138698,0.0004835329675716317,1
r1_f4,铅钡_相对_硅铝,PbO+BaO,SiO2+Al2O3,-10.080772505763592,4.187705452397119e-05,1
r1_f4,硅铝_相对_总助熔,SiO2+Al2O3,Na2O+K2O+CaO+MgO+PbO+BaO,-8.88882504808158,0.00013792161408269628,1
r2_f0,钾_相对_铅钡,K2O,PbO+BaO,-5.814502654858714,0.0029839640184941524,1
r2_f0,铅钡_相对_硅铝,PbO+BaO,SiO2+Al2O3,-6.749722569415525,0.0011712045036728607,1
r2_f0,硅铝_相对_总助熔,SiO2+Al2O3,Na2O+K2O+CaO+MgO+PbO+BaO,-5.472171684435256,0.004202096614016027,1
r2_f1,钾_相对_铅钡,K2O,PbO+BaO,-5.008876760485849,0.006678400538249298,1
r2_f1,铅钡_相对_硅铝,PbO+BaO,SiO2+Al2O3,-5.687780319448916,0.0033871029179213326,1
r2_f1,硅铝_相对_总助熔,SiO2+Al2O3,Na2O+K2O+CaO+MgO+PbO+BaO,-4.465357043468636,0.011500588816733036,1
r2_f2,钾_相对_铅钡,K2O,PbO+BaO,-1.3625203728489255,0.256014710605978,1
r2_f3,钾_相对_铅钡,K2O,PbO+BaO,-7.790488786724688,0.000413650647612351,1
r2_f3,铅钡_相对_硅铝,PbO+BaO,SiO2+Al2O3,-10.164541752497714,3.851195857751039e-05,1
r2_f3,硅铝_相对_总助熔,SiO2+Al2O3,Na2O+K2O+CaO+MgO+PbO+BaO,-7.858656586409136,0.00038639260793607,1
r2_f4,钾_相对_铅钡,K2O,PbO+BaO,-1.1401779424928689,0.31976211748529443,1
r2_f4,铅钡_相对_硅铝,PbO+BaO,SiO2+Al2O3,0.6266427457732461,1.8713175328001552,1
r3_f0,钾_相对_铅钡,K2O,PbO+BaO,-4.434319897227907,0.011863131313166606,1
r3_f0,铅钡_相对_硅铝,PbO+BaO,SiO2+Al2O3,-5.433923202032945,0.0043659337194775156,1
r3_f0,硅铝_相对_总助熔,SiO2+Al2O3,Na2O+K2O+CaO+MgO+PbO+BaO,-4.479503912768248,0.011339036911047127,1
r3_f1,铅钡_相对_硅铝,PbO+BaO,SiO2+Al2O3,2.1390509894124046,8.49137539876366,1
r3_f1,硅铝_相对_总助熔,SiO2+Al2O3,Na2O+K2O+CaO+MgO+PbO+BaO,0.8184099429931365,2.266892482067106,1
r3_f2,钾_相对_铅钡,K2O,PbO+BaO,-5.365125620514862,0.004676872692499613,1
r3_f2,铅钡_相对_硅铝,PbO+BaO,SiO2+Al2O3,-6.437869666489895,0.0015998111843363349,1
r3_f2,硅铝_相对_总助熔,SiO2+Al2O3,Na2O+K2O+CaO+MgO+PbO+BaO,-5.562029562243447,0.003840972987782059,1
r3_f3,钾_相对_铅钡,K2O,PbO+BaO,-6.567103528205271,0.001405863564708206,1
r3_f3,铅钡_相对_硅铝,PbO+BaO,SiO2+Al2O3,-7.573107103116712,0.0005140926256925251,1
r3_f3,硅铝_相对_总助熔,SiO2+Al2O3,Na2O+K2O+CaO+MgO+PbO+BaO,-6.565835864264375,0.001407646857324071,1
r3_f4,钾_相对_铅钡,K2O,PbO+BaO,-0.15660084157934634,0.8550452892378962,1
r4_f0,钾_相对_铅钡,K2O,PbO+BaO,-5.58850993753502,0.0037405974379904525,1
r4_f0,铅钡_相对_硅铝,PbO+BaO,SiO2+Al2O3,-6.776018254358779,0.0011408082753309992,1
r4_f0,硅铝_相对_总助熔,SiO2+Al2O3,Na2O+K2O+CaO+MgO+PbO+BaO,-5.699567838819292,0.0033474117663507474,1
r4_f1,铅钡_相对_硅铝,PbO+BaO,SiO2+Al2O3,2.8152570435243645,16.697467204584505,1
r4_f1,硅铝_相对_总助熔,SiO2+Al2O3,Na2O+K2O+CaO+MgO+PbO+BaO,1.676087616341809,5.344604868723198,1
r4_f2,钾_相对_铅钡,K2O,PbO+BaO,-4.8002525356051144,0.008227669007269876,1
r4_f2,铅钡_相对_硅铝,PbO+BaO,SiO2+Al2O3,-5.744907018005806,0.0031990319901885815,1
r4_f2,硅铝_相对_总助熔,SiO2+Al2O3,Na2O+K2O+CaO+MgO+PbO+BaO,-4.677200189430056,0.00930502977100308,1
r4_f3,钾_相对_铅钡,K2O,PbO+BaO,-5.688311977940901,0.003385302614507498,1
r4_f3,铅钡_相对_硅铝,PbO+BaO,SiO2+Al2O3,-6.105318415224949,0.002230970881862475,1
r4_f3,硅铝_相对_总助熔,SiO2+Al2O3,Na2O+K2O+CaO+MgO+PbO+BaO,-4.706172133867097,0.009039312721354014,1
r4_f4,钾_相对_铅钡,K2O,PbO+BaO,-1.2922067346265422,0.2746640032682893,1
r5_f0,钾_相对_铅钡,K2O,PbO+BaO,-7.956384557029019,0.00035041774536163103,1
r5_f0,铅钡_相对_硅铝,PbO+BaO,SiO2+Al2O3,-10.260004120595427,3.5005543594754416e-05,1
r5_f0,硅铝_相对_总助熔,SiO2+Al2O3,Na2O+K2O+CaO+MgO+PbO+BaO,-7.727218443773154,0.0004406681572010958,1
r5_f1,钾_相对_铅钡,K2O,PbO+BaO,-0.522558042120672,0.5930016828555854,1
r5_f1,铅钡_相对_硅铝,PbO+BaO,SiO2+Al2O3,0.35076571679652496,1.4201545685722345,1
r5_f2,钾_相对_铅钡,K2O,PbO+BaO,-0.6352991751567901,0.5297769684985406,1
r5_f2,硅铝_相对_总助熔,SiO2+Al2O3,Na2O+K2O+CaO+MgO+PbO+BaO,-0.19140813316869057,0.8257954848364345,1
r5_f3,钾_相对_铅钡,K2O,PbO+BaO,-4.788155154297476,0.008327806737444456,1
r5_f3,铅钡_相对_硅铝,PbO+BaO,SiO2+Al2O3,-5.75628517047185,0.0031628392104097393,1
r5_f3,硅铝_相对_总助熔,SiO2+Al2O3,Na2O+K2O+CaO+MgO+PbO+BaO,-4.538077418249781,0.010693946788989384,1
r5_f4,钾_相对_铅钡,K2O,PbO+BaO,-7.845849540155983,0.00039137297979075755,1
r5_f4,铅钡_相对_硅铝,PbO+BaO,SiO2+Al2O3,-9.15461151608071,0.00010573109612330195,1
r5_f4,硅铝_相对_总助熔,SiO2+Al2O3,Na2O+K2O+CaO+MgO+PbO+BaO,-8.083841239787121,0.00030848379641113444,1
r6_f0,钾_相对_铅钡,K2O,PbO+BaO,-4.836554269991299,0.00793434661942559,1
r6_f0,铅钡_相对_硅铝,PbO+BaO,SiO2+Al2O3,-5.585690227510909,0.003751159722373907,1
r6_f0,硅铝_相对_总助熔,SiO2+Al2O3,Na2O+K2O+CaO+MgO+PbO+BaO,-4.684198664526514,0.009240136095133016,1
r6_f1,钾_相对_铅钡,K2O,PbO+BaO,-5.963250514558201,0.0025715395453224867,1
r6_f1,铅钡_相对_硅铝,PbO+BaO,SiO2+Al2O3,-6.680108604464062,0.001255641596874317,1
r6_f1,硅铝_相对_总助熔,SiO2+Al2O3,Na2O+K2O+CaO+MgO+PbO+BaO,-6.1505334966562035,0.002132343868207722,1
r6_f2,钾_相对_铅钡,K2O,PbO+BaO,-0.5839513181443393,0.557690395062276,1
r6_f2,铅钡_相对_硅铝,PbO+BaO,SiO2+Al2O3,0.3201535460631761,1.3773392331173453,1
r6_f3,铅钡_相对_硅铝,PbO+BaO,SiO2+Al2O3,3.162457040629294,23.62858104764706,1
r6_f3,硅铝_相对_总助熔,SiO2+Al2O3,Na2O+K2O+CaO+MgO+PbO+BaO,1.456314953076566,4.2901210660944304,1
r6_f4,钾_相对_铅钡,K2O,PbO+BaO,-6.294385657796646,0.001846643415607384,1
r6_f4,铅钡_相对_硅铝,PbO+BaO,SiO2+Al2O3,-8.09323616701902,0.0003055991851654091,1
r6_f4,硅铝_相对_总助熔,SiO2+Al2O3,Na2O+K2O+CaO+MgO+PbO+BaO,-6.712001487612541,0.0012162274227802115,1
r7_f0,钾_相对_铅钡,K2O,PbO+BaO,-3.5282787436179763,0.029355400576601475,1
r7_f0,铅钡_相对_硅铝,PbO+BaO,SiO2+Al2O3,-3.367606303717217,0.034472054291766835,1
r7_f0,硅铝_相对_总助熔,SiO2+Al2O3,Na2O+K2O+CaO+MgO+PbO+BaO,-3.0825720960258254,0.04584119692323019,1
r7_f1,钾_相对_铅钡,K2O,PbO+BaO,-0.6399792884119003,0.5273033452196405,1
r7_f2,钾_相对_铅钡,K2O,PbO+BaO,-3.145455622793717,0.04304730624407832,1
r7_f2,铅钡_相对_硅铝,PbO+BaO,SiO2+Al2O3,-2.6136564506063458,0.07326615930220631,1
r7_f2,硅铝_相对_总助熔,SiO2+Al2O3,Na2O+K2O+CaO+MgO+PbO+BaO,-2.2459141404967538,0.10583075196501046,1
r7_f3,铅钡_相对_硅铝,PbO+BaO,SiO2+Al2O3,2.5804536926834247,13.203126963118969,1
r7_f3,硅铝_相对_总助熔,SiO2+Al2O3,Na2O+K2O+CaO+MgO+PbO+BaO,1.0788000444486332,2.9411481856557224,1
r7_f4,钾_相对_铅钡,K2O,PbO+BaO,-7.747920401199589,0.00043163924431519844,1
r7_f4,铅钡_相对_硅铝,PbO+BaO,SiO2+Al2O3,-9.60088808171362,6.76686145390442e-05,1
r7_f4,硅铝_相对_总助熔,SiO2+Al2O3,Na2O+K2O+CaO+MgO+PbO+BaO,-7.139770755484297,0.0007929338513692573,1
r8_f0,钾_相对_铅钡,K2O,PbO+BaO,-0.13472012937416586,0.8739604733282531,1
r8_f0,铅钡_相对_硅铝,PbO+BaO,SiO2+Al2O3,0.08407044240035842,1.0877055116973475,1
r8_f1,钾_相对_铅钡,K2O,PbO+BaO,-5.235476329422606,0.005324287764794603,1
r8_f1,铅钡_相对_硅铝,PbO+BaO,SiO2+Al2O3,-6.097211993287187,0.002249129574734808,1
r8_f1,硅铝_相对_总助熔,SiO2+Al2O3,Na2O+K2O+CaO+MgO+PbO+BaO,-4.936132237088144,0.007182324246538286,1
r8_f2,铅钡_相对_硅铝,PbO+BaO,SiO2+Al2O3,2.7880639257773763,16.249529033101535,1
r8_f2,硅铝_相对_总助熔,SiO2+Al2O3,Na2O+K2O+CaO+MgO+PbO+BaO,1.2129657367515116,3.363444967764591,1
r8_f3,钾_相对_铅钡,K2O,PbO+BaO,-5.832542855932326,0.002930615364672082,1
r8_f3,铅钡_相对_硅铝,PbO+BaO,SiO2+Al2O3,-6.870630821577732,0.0010378221774551815,1
r8_f3,硅铝_相对_总助熔,SiO2+Al2O3,Na2O+K2O+CaO+MgO+PbO+BaO,-5.651669563559358,0.0035116489567959715,1
r8_f4,铅钡_相对_硅铝,PbO+BaO,SiO2+Al2O3,2.2893178644435976,9.868203931989576,1
r8_f4,硅铝_相对_总助熔,SiO2+Al2O3,Na2O+K2O+CaO+MgO+PbO+BaO,1.2023352768379472,3.327879375095368,1
r9_f0,钾_相对_铅钡,K2O,PbO+BaO,-7.259591497770119,0.0007033953154801149,1
r9_f0,铅钡_相对_硅铝,PbO+BaO,SiO2+Al2O3,-9.610564125614761,6.701700762650933e-05,1
r9_f0,硅铝_相对_总助熔,SiO2+Al2O3,Na2O+K2O+CaO+MgO+PbO+BaO,-8.055941225492784,0.00031721168672314875,1
r9_f1,铅钡_相对_硅铝,PbO+BaO,SiO2+Al2O3,2.914893311282743,18.446844227609663,1
r9_f1,硅铝_相对_总助熔,SiO2+Al2O3,Na2O+K2O+CaO+MgO+PbO+BaO,1.5451212812736905,4.68854022467139,1
r9_f2,钾_相对_铅钡,K2O,PbO+BaO,-7.955659643356729,0.00035067186007074237,1
r9_f2,铅钡_相对_硅铝,PbO+BaO,SiO2+Al2O3,-9.487557351714221,7.578900324876972e-05,1
r9_f2,硅铝_相对_总助熔,SiO2+Al2O3,Na2O+K2O+CaO+MgO+PbO+BaO,-7.426190310786606,0.0005954516821269891,1
r9_f3,铅钡_相对_硅铝,PbO+BaO,SiO2+Al2O3,2.646235599133522,14.100857330729868,1
r9_f3,硅铝_相对_总助熔,SiO2+Al2O3,Na2O+K2O+CaO+MgO+PbO+BaO,1.1540103050977515,3.170883656690585,1
r9_f4,钾_相对_铅钡,K2O,PbO+BaO,-4.624054683455909,0.009812926974887982,1
r9_f4,铅钡_相对_硅铝,PbO+BaO,SiO2+Al2O3,-5.348668323430696,0.004754478212810787,1
r9_f4,硅铝_相对_总助熔,SiO2+Al2O3,Na2O+K2O+CaO+MgO+PbO+BaO,-4.313052304483911,0.01339260882421752,1
r10_f0,钾_相对_铅钡,K2O,PbO+BaO,-6.047411749410597,0.0023639726487436822,1
r10_f0,铅钡_相对_硅铝,PbO+BaO,SiO2+Al2O3,-7.192081686267006,0.0007525209762857201,1
r10_f0,硅铝_相对_总助熔,SiO2+Al2O3,Na2O+K2O+CaO+MgO+PbO+BaO,-5.730299688951964,0.0032461042662385673,1
r10_f1,钾_相对_铅钡,K2O,PbO+BaO,-0.6714289736265889,0.5109778819212845,1
r10_f1,硅铝_相对_总助熔,SiO2+Al2O3,Na2O+K2O+CaO+MgO+PbO+BaO,-0.13659671824773598,0.8723219467293085,1
r10_f2,铅钡_相对_硅铝,PbO+BaO,SiO2+Al2O3,3.1651599265440575,23.692532794751052,1
r10_f2,硅铝_相对_总助熔,SiO2+Al2O3,Na2O+K2O+CaO+MgO+PbO+BaO,1.516763437079024,4.5574508225995976,1
r10_f3,铅钡_相对_硅铝,PbO+BaO,SiO2+Al2O3,2.1760085478091913,8.811067024867564,1
r10_f3,硅铝_相对_总助熔,SiO2+Al2O3,Na2O+K2O+CaO+MgO+PbO+BaO,1.0468594676495164,2.848690649965174,1
r10_f4,钾_相对_铅钡,K2O,PbO+BaO,-6.57075071625355,0.001400745454945285,1
r10_f4,铅钡_相对_硅铝,PbO+BaO,SiO2+Al2O3,-8.182650601051547,0.00027946022000788505,1
r10_f4,硅铝_相对_总助熔,SiO2+Al2O3,Na2O+K2O+CaO+MgO+PbO+BaO,-6.842117876770466,0.0010678394507361336,1
r11_f0,钾_相对_铅钡,K2O,PbO+BaO,-7.244389289405927,0.0007141701709157852,1
r11_f0,铅钡_相对_硅铝,PbO+BaO,SiO2+Al2O3,-9.565052850390334,7.013750746942321e-05,1
r11_f0,硅铝_相对_总助熔,SiO2+Al2O3,Na2O+K2O+CaO+MgO+PbO+BaO,-7.396753720486393,0.0006132402827255536,1
r11_f1,钾_相对_铅钡,K2O,PbO+BaO,-1.880745828047445,0.15247634220554498,1
r11_f2,钾_相对_铅钡,K2O,PbO+BaO,-6.58222448775019,0.0013847654723148197,1
r11_f2,铅钡_相对_硅铝,PbO+BaO,SiO2+Al2O3,-8.015039767260477,0.0003304550984821065,1
r11_f2,硅铝_相对_总助熔,SiO2+Al2O3,Na2O+K2O+CaO+MgO+PbO+BaO,-6.597120372062379,0.0013642910370328454,1
r11_f3,钾_相对_铅钡,K2O,PbO+BaO,-0.9978293867858422,0.36867883241840294,1
r11_f3,铅钡_相对_硅铝,PbO+BaO,SiO2+Al2O3,0.6283887634670768,1.8745877404125866,1
r11_f4,铅钡_相对_硅铝,PbO+BaO,SiO2+Al2O3,3.0859380309143765,21.88798882561494,1
r11_f4,硅铝_相对_总助熔,SiO2+Al2O3,Na2O+K2O+CaO+MgO+PbO+BaO,1.588238305415824,4.895117625489481,1
r12_f0,钾_相对_铅钡,K2O,PbO+BaO,-6.466964987812214,0.0015539347943228719,1
r12_f0,铅钡_相对_硅铝,PbO+BaO,SiO2+Al2O3,-7.826034492071275,0.0003992053978016044,1
r12_f0,硅铝_相对_总助熔,SiO2+Al2O3,Na2O+K2O+CaO+MgO+PbO+BaO,-5.865776750205227,0.002834820242877163,1
r12_f1,铅钡_相对_硅铝,PbO+BaO,SiO2+Al2O3,1.4565205628701199,4.2910032476906315,1
r12_f1,硅铝_相对_总助熔,SiO2+Al2O3,Na2O+K2O+CaO+MgO+PbO+BaO,0.5909305144539909,1.8056678339336496,1
r12_f2,铅钡_相对_硅铝,PbO+BaO,SiO2+Al2O3,2.625829012055935,13.81602308947817,1
r12_f2,硅铝_相对_总助熔,SiO2+Al2O3,Na2O+K2O+CaO+MgO+PbO+BaO,1.0135596717210733,2.7553918690820547,1
r12_f3,钾_相对_铅钡,K2O,PbO+BaO,-1.7576436894246656,0.17245073294417104,1
r12_f4,钾_相对_铅钡,K2O,PbO+BaO,-5.537566024254051,0.003936095549677634,1
r12_f4,铅钡_相对_硅铝,PbO+BaO,SiO2+Al2O3,-7.039418287774391,0.0008766363640552809,1
r12_f4,硅铝_相对_总助熔,SiO2+Al2O3,Na2O+K2O+CaO+MgO+PbO+BaO,-5.7417724135961015,0.003209075422842273,1
r13_f0,钾_相对_铅钡,K2O,PbO+BaO,-8.022158935914739,0.00032811088722189085,1
r13_f0,铅钡_相对_硅铝,PbO+BaO,SiO2+Al2O3,-10.22487546557611,3.6257095221205245e-05,1
r13_f0,硅铝_相对_总助熔,SiO2+Al2O3,Na2O+K2O+CaO+MgO+PbO+BaO,-8.546513474608624,0.00019422107718390066,1
r13_f1,钾_相对_铅钡,K2O,PbO+BaO,-8.533696147999335,0.00019672649423904703,1
r13_f1,铅钡_相对_硅铝,PbO+BaO,SiO2+Al2O3,-11.466883803841116,1.0471180341678526e-05,1
r13_f1,硅铝_相对_总助熔,SiO2+Al2O3,Na2O+K2O+CaO+MgO+PbO+BaO,-8.745090465931598,0.00015924120925731654,1
r13_f2,铅钡_相对_硅铝,PbO+BaO,SiO2+Al2O3,2.442030284553392,11.496357942460955,1
r13_f2,硅铝_相对_总助熔,SiO2+Al2O3,Na2O+K2O+CaO+MgO+PbO+BaO,1.2171991504906803,3.3777140039584452,1
r13_f3,钾_相对_铅钡,K2O,PbO+BaO,-0.6011510918000419,0.5481802669715752,1
r13_f3,硅铝_相对_总助熔,SiO2+Al2O3,Na2O+K2O+CaO+MgO+PbO+BaO,-0.2509403328436257,0.7780687953264371,1
r13_f4,钾_相对_铅钡,K2O,PbO+BaO,-0.5648722978253035,0.5684327322188543,1
r13_f4,铅钡_相对_硅铝,PbO+BaO,SiO2+Al2O3,0.36746591922637917,1.4440705826482774,1
r14_f0,钾_相对_铅钡,K2O,PbO+BaO,-3.7973949427402465,0.02242912497139877,1
r14_f0,铅钡_相对_硅铝,PbO+BaO,SiO2+Al2O3,-3.9744073966155944,0.01879043347040439,1
r14_f0,硅铝_相对_总助熔,SiO2+Al2O3,Na2O+K2O+CaO+MgO+PbO+BaO,-3.6331844412530456,0.026431879480677087,1
r14_f1,钾_相对_铅钡,K2O,PbO+BaO,-5.145217877964073,0.005827204606210614,1
r14_f1,铅钡_相对_硅铝,PbO+BaO,SiO2+Al2O3,-5.859084696446694,0.002853854630876528,1
r14_f1,硅铝_相对_总助熔,SiO2+Al2O3,Na2O+K2O+CaO+MgO+PbO+BaO,-4.634046989049287,0.009715361473734642,1
r14_f2,钾_相对_铅钡,K2O,PbO+BaO,-4.630082764842039,0.009753951784655887,1
r14_f2,铅钡_相对_硅铝,PbO+BaO,SiO2+Al2O3,-4.860085078199938,0.007749824521967958,1
r14_f2,硅铝_相对_总助熔,SiO2+Al2O3,Na2O+K2O+CaO+MgO+PbO+BaO,-4.181005188049022,0.015283137415991648,1
r14_f3,钾_相对_铅钡,K2O,PbO+BaO,-4.672332912417965,0.009350430327416899,1
r14_f3,铅钡_相对_硅铝,PbO+BaO,SiO2+Al2O3,-4.947469121632996,0.007101358880465859,1
r14_f3,硅铝_相对_总助熔,SiO2+Al2O3,Na2O+K2O+CaO+MgO+PbO+BaO,-4.1692904215936775,0.015463228605060787,1
r14_f4,钾_相对_铅钡,K2O,PbO+BaO,-7.667979265797677,0.00046756168762674663,1
r14_f4,铅钡_相对_硅铝,PbO+BaO,SiO2+Al2O3,-9.344968727163396,8.740406840207009e-05,1
r14_f4,硅铝_相对_总助熔,SiO2+Al2O3,Na2O+K2O+CaO+MgO+PbO+BaO,-7.2816270860764325,0.0006880651112415131,1
r15_f0,钾_相对_铅钡,K2O,PbO+BaO,-7.278431805290623,0.0006902671887252179,1
r15_f0,铅钡_相对_硅铝,PbO+BaO,SiO2+Al2O3,-8.024903646106129,0.00032721155269673495,1
r15_f0,硅铝_相对_总助熔,SiO2+Al2O3,Na2O+K2O+CaO+MgO+PbO+BaO,-5.859490248896012,0.0028526974777999706,1
r15_f1,钾_相对_铅钡,K2O,PbO+BaO,-1.5273932413423756,0.21710085988172526,1
r15_f2,钾_相对_铅钡,K2O,PbO+BaO,-4.285493023278964,0.013766832478964352,1
r15_f2,铅钡_相对_硅铝,PbO+BaO,SiO2+Al2O3,-4.600222176876792,0.010049602707235638,1
r15_f2,硅铝_相对_总助熔,SiO2+Al2O3,Na2O+K2O+CaO+MgO+PbO+BaO,-4.27085287823954,0.013969863478475038,1
r15_f3,钾_相对_铅钡,K2O,PbO+BaO,-1.0121691889369848,0.36342977606561244,1
r15_f3,铅钡_相对_硅铝,PbO+BaO,SiO2+Al2O3,0.5708166689351104,1.7697117300353942,1
r15_f4,钾_相对_铅钡,K2O,PbO+BaO,-6.042989773441126,0.0023744492255027855,1
r15_f4,铅钡_相对_硅铝,PbO+BaO,SiO2+Al2O3,-6.382031979392738,0.001691681998868818,1
r15_f4,硅铝_相对_总助熔,SiO2+Al2O3,Na2O+K2O+CaO+MgO+PbO+BaO,-5.07513078136847,0.006250268967445793,1
r16_f0,铅钡_相对_硅铝,PbO+BaO,SiO2+Al2O3,3.158295534027403,23.530454869606338,1
r16_f0,硅铝_相对_总助熔,SiO2+Al2O3,Na2O+K2O+CaO+MgO+PbO+BaO,1.6337869026245984,5.123239237736651,1
r16_f1,钾_相对_铅钡,K2O,PbO+BaO,-4.92815705608582,0.007239833601362749,1
r16_f1,铅钡_相对_硅铝,PbO+BaO,SiO2+Al2O3,-5.558361502501345,0.0038550877772888163,1
r16_f1,硅铝_相对_总助熔,SiO2+Al2O3,Na2O+K2O+CaO+MgO+PbO+BaO,-4.7804450711459925,0.00839226298206059,1
r16_f2,钾_相对_铅钡,K2O,PbO+BaO,-4.886314518524644,0.007549193681893308,1
r16_f2,铅钡_相对_硅铝,PbO+BaO,SiO2+Al2O3,-5.526354093180359,0.003980475107046988,1
r16_f2,硅铝_相对_总助熔,SiO2+Al2O3,Na2O+K2O+CaO+MgO+PbO+BaO,-4.86559907827408,0.0077072095863310545,1
r16_f3,铅钡_相对_硅铝,PbO+BaO,SiO2+Al2O3,2.2114214003567016,9.128682688538419,1
r16_f3,硅铝_相对_总助熔,SiO2+Al2O3,Na2O+K2O+CaO+MgO+PbO+BaO,0.9550819594361716,2.5988835772236207,1
r16_f4,钾_相对_铅钡,K2O,PbO+BaO,-9.029147473735023,0.00011986463737712519,1
r16_f4,铅钡_相对_硅铝,PbO+BaO,SiO2+Al2O3,-11.45621311759706,1.058351329065257e-05,1
r16_f4,硅铝_相对_总助熔,SiO2+Al2O3,Na2O+K2O+CaO+MgO+PbO+BaO,-9.958548668928119,4.732136519818971e-05,1
r17_f0,钾_相对_铅钡,K2O,PbO+BaO,-4.4174608768073975,0.012064827509107333,1
r17_f0,铅钡_相对_硅铝,PbO+BaO,SiO2+Al2O3,-5.281369446765232,0.0050854617527766885,1
r17_f0,硅铝_相对_总助熔,SiO2+Al2O3,Na2O+K2O+CaO+MgO+PbO+BaO,-4.576149680032484,0.010294457040266016,1
r17_f1,钾_相对_铅钡,K2O,PbO+BaO,-0.6181476064512379,0.5389418459116275,1
r17_f1,铅钡_相对_硅铝,PbO+BaO,SiO2+Al2O3,0.4009847033213012,1.493294425880217,1
r17_f2,钾_相对_铅钡,K2O,PbO+BaO,-2.7429899961694066,0.06437757014778567,1
r17_f2,铅钡_相对_硅铝,PbO+BaO,SiO2+Al2O3,-0.5333040256286837,0.5866634130161169,1
r17_f3,钾_相对_铅钡,K2O,PbO+BaO,-6.159010284980502,0.0021143448353759782,1
r17_f3,铅钡_相对_硅铝,PbO+BaO,SiO2+Al2O3,-7.157575390335781,0.0007789408930917757,1
r17_f3,硅铝_相对_总助熔,SiO2+Al2O3,Na2O+K2O+CaO+MgO+PbO+BaO,-5.30701099931404,0.004956720237936095,1
r17_f4,钾_相对_铅钡,K2O,PbO+BaO,-1.4233546775935966,0.24090450288892584,1
r18_f0,钾_相对_铅钡,K2O,PbO+BaO,-5.5420328427693155,0.0039185529342064766,1
r18_f0,铅钡_相对_硅铝,PbO+BaO,SiO2+Al2O3,-6.999546407167809,0.0009122956825003229,1
r18_f0,硅铝_相对_总助熔,SiO2+Al2O3,Na2O+K2O+CaO+MgO+PbO+BaO,-5.736566353563944,0.0032258256255900414,1
r18_f1,钾_相对_铅钡,K2O,PbO+BaO,-6.477411736447409,0.001537785727619539,1
r18_f1,铅钡_相对_硅铝,PbO+BaO,SiO2+Al2O3,-7.92931415223796,0.00036003325627540563,1
r18_f1,硅铝_相对_总助熔,SiO2+Al2O3,Na2O+K2O+CaO+MgO+PbO+BaO,-6.552506425220959,0.0014265356088654772,1
r18_f2,钾_相对_铅钡,K2O,PbO+BaO,-1.2794430170059525,0.2781922056370293,1
r18_f2,铅钡_相对_硅铝,PbO+BaO,SiO2+Al2O3,0.4552527561473082,1.576571820897465,1
r18_f3,钾_相对_铅钡,K2O,PbO+BaO,-3.5699139588028337,0.02815827634788111,1
r18_f3,铅钡_相对_硅铝,PbO+BaO,SiO2+Al2O3,-3.25538629279702,0.03856592004843405,1
r18_f3,硅铝_相对_总助熔,SiO2+Al2O3,Na2O+K2O+CaO+MgO+PbO+BaO,-2.4545393957845567,0.08590275350054354,1
r18_f4,钾_相对_铅钡,K2O,PbO+BaO,-5.16776797787569,0.005697271073173711,1
r18_f4,铅钡_相对_硅铝,PbO+BaO,SiO2+Al2O3,-5.039502220597846,0.006476971619036779,1
r18_f4,硅铝_相对_总助熔,SiO2+Al2O3,Na2O+K2O+CaO+MgO+PbO+BaO,-4.106295953553965,0.016468662381320723,1
r19_f0,钾_相对_铅钡,K2O,PbO+BaO,-7.23621320306037,0.0007200332236500503,1
r19_f0,铅钡_相对_硅铝,PbO+BaO,SiO2+Al2O3,-8.909414483986067,0.00013511092044086675,1
r19_f0,硅铝_相对_总助熔,SiO2+Al2O3,Na2O+K2O+CaO+MgO+PbO+BaO,-7.321912582880612,0.0006608969814170281,1
r19_f1,钾_相对_铅钡,K2O,PbO+BaO,-5.087766346387212,0.006171790143804012,1
r19_f1,铅钡_相对_硅铝,PbO+BaO,SiO2+Al2O3,-5.671069965380235,0.0034441781525210353,1
r19_f1,硅铝_相对_总助熔,SiO2+Al2O3,Na2O+K2O+CaO+MgO+PbO+BaO,-4.459408683132503,0.011569202329729788,1
r19_f2,钾_相对_铅钡,K2O,PbO+BaO,-4.511327290190051,0.01098387171121454,1
r19_f2,铅钡_相对_硅铝,PbO+BaO,SiO2+Al2O3,-4.813976251647708,0.008115526083027142,1
r19_f2,硅铝_相对_总助熔,SiO2+Al2O3,Na2O+K2O+CaO+MgO+PbO+BaO,-4.202800640502409,0.01495363835537161,1
r19_f3,钾_相对_铅钡,K2O,PbO+BaO,-7.805994494843077,0.00040728617177528603,1
r19_f3,铅钡_相对_硅铝,PbO+BaO,SiO2+Al2O3,-10.033485193557443,4.390487511657049e-05,1
r19_f3,硅铝_相对_总助熔,SiO2+Al2O3,Na2O+K2O+CaO+MgO+PbO+BaO,-9.186668172153428,0.00010239546103683646,1
r19_f4,钾_相对_铅钡,K2O,PbO+BaO,-1.2157464487232614,0.296488618123421,1
r19_f4,铅钡_相对_硅铝,PbO+BaO,SiO2+Al2O3,0.6032604210392472,1.8280693702735475,1
