model,repeat_id/aggregate,true_label,predicted_label,artifact_count
CART,0,0,0,10
CART,0,0,1,6
CART,0,1,0,5
CART,0,1,1,35
LDA,0,0,0,10
LDA,0,0,1,6
LDA,0,1,0,2
LDA,0,1,1,38
Logistic,0,0,0,11
Logistic,0,0,1,5
Logistic,0,1,0,7
Logistic,0,1,1,33
CART,1,0,0,9
CART,1,0,1,7
CART,1,1,0,3
CART,1,1,1,37
LDA,1,0,0,9
LDA,1,0,1,7
LDA,1,1,0,3
LDA,1,1,1,37
Logistic,1,0,0,10
Logistic,1,0,1,6
Logistic,1,1,0,7
Logistic,1,1,1,33
CART,2,0,0,10
CART,2,0,1,6
CART,2,1,0,2
CART,2,1,1,38
LDA,2,0,0,10
LDA,2,0,1,6
LDA,2,1,0,2
LDA,2,1,1,38
Logistic,2,0,0,12
Logistic,2,0,1,4
Logistic,2,1,0,5
Logistic,2,1,1,35
CART,3,0,0,10
CART,3,0,1,6
CART,3,1,0,8
CART,3,1,1,32
LDA,3,0,0,10
LDA,3,0,1,6
LDA,3,1,0,2
LDA,3,1,1,38
Logistic,3,0,0,12
Logistic,3,0,1,4
Logistic,3,1,0,6
Logistic,3,1,1,34
CART,4,0,0,11
CART,4,0,1,5
CART,4,1,0,5
CART,4,1,1,35
LDA,4,0,0,10
LDA,4,0,1,6
LDA,4,1,0,3
LDA,4,1,1,37
Logistic,4,0,0,10
Logistic,4,0,1,6
Logistic,4,1,0,10
Logistic,4,1,1,30
CART,5,0,0,11
CART,5,0,1,5
CART,5,1,0,5
CART,5,1,1,35
LDA,5,0,0,10
LDA,5,0,1,6
LDA,5,1,0,4
LDA,5,1,1,36
Logistic,5,0,0,12
Logistic,5,0,1,4
Logistic,5,1,0,6
Logistic,5,1,1,34
CART,6,0,0,10
CART,6,0,1,6
CART,6,1,0,2
CART,6,1,1,38
LDA,6,0,0,10
LDA,6,0,1,6
LDA,6,1,0,2
LDA,6,1,1,38
Logistic,6,0,0,11
Logistic,6,0,1,5
Logistic,6,1,0,5
Logistic,6,1,1,35
CART,7,0,0,10
CART,7,0,1,6
CART,7,1,0,7
CART,7,1,1,33
LDA,7,0,0,10
LDA,7,0,1,6
LDA,7,1,0,3
LDA,7,1,1,37
Logistic,7,0,0,12
Logistic,7,0,1,4
Logistic,7,1,0,7
Logistic,7,1,1,33
CART,8,0,0,10
CART,8,0,1,6
CART,8,1,0,3
CART,8,1,1,37
LDA,8,0,0,9
LDA,8,0,1,7
LDA,8,1,0,1
LDA,8,1,1,39
Logistic,8,0,0,12
Logistic,8,0,1,4
Logistic,8,1,0,5
Logistic,8,1,1,35
CART,9,0,0,11
CART,9,0,1,5
CART,9,1,0,6
CART,9,1,1,34
LDA,9,0,0,10
LDA,9,0,1,6
LDA,9,1,0,2
LDA,9,1,1,38
Logistic,9,0,0,11
Logistic,9,0,1,5
Logistic,9,1,0,7
Logistic,9,1,1,33
CART,10,0,0,8
CART,10,0,1,8
CART,10,1,0,3
CART,10,1,1,37
LDA,10,0,0,10
LDA,10,0,1,6
LDA,10,1,0,3
LDA,10,1,1,37
Logistic,10,0,0,11
Logistic,10,0,1,5
Logistic,10,1,0,6
Logistic,10,1,1,34
CART,11,0,0,10
CART,11,0,1,6
CART,11,1,0,7
CART,11,1,1,33
LDA,11,0,0,9
LDA,11,0,1,7
LDA,11,1,0,2
LDA,11,1,1,38
Logistic,11,0,0,11
Logistic,11,0,1,5
Logistic,11,1,0,6
Logistic,11,1,1,34
CART,12,0,0,10
CART,12,0,1,6
CART,12,1,0,6
CART,12,1,1,34
LDA,12,0,0,10
LDA,12,0,1,6
LDA,12,1,0,5
LDA,12,1,1,35
Logistic,12,0,0,11
Logistic,12,0,1,5
Logistic,12,1,0,6
Logistic,12,1,1,34
CART,13,0,0,9
CART,13,0,1,7
CART,13,1,0,3
CART,13,1,1,37
LDA,13,0,0,10
LDA,13,0,1,6
LDA,13,1,0,3
LDA,13,1,1,37
Logistic,13,0,0,11
Logistic,13,0,1,5
Logistic,13,1,0,6
Logistic,13,1,1,34
CART,14,0,0,11
CART,14,0,1,5
CART,14,1,0,5
CART,14,1,1,35
LDA,14,0,0,10
LDA,14,0,1,6
LDA,14,1,0,3
LDA,14,1,1,37
Logistic,14,0,0,15
Logistic,14,0,1,1
Logistic,14,1,0,8
Logistic,14,1,1,32
CART,15,0,0,10
CART,15,0,1,6
CART,15,1,0,6
CART,15,1,1,34
LDA,15,0,0,10
LDA,15,0,1,6
LDA,15,1,0,2
LDA,15,1,1,38
Logistic,15,0,0,13
Logistic,15,0,1,3
Logistic,15,1,0,6
Logistic,15,1,1,34
CART,16,0,0,10
CART,16,0,1,6
CART,16,1,0,5
CART,16,1,1,35
LDA,16,0,0,10
LDA,16,0,1,6
LDA,16,1,0,1
LDA,16,1,1,39
Logistic,16,0,0,11
Logistic,16,0,1,5
Logistic,16,1,0,4
Logistic,16,1,1,36
CART,17,0,0,10
CART,17,0,1,6
CART,17,1,0,5
CART,17,1,1,35
LDA,17,0,0,10
LDA,17,0,1,6
LDA,17,1,0,2
LDA,17,1,1,38
Logistic,17,0,0,11
Logistic,17,0,1,5
Logistic,17,1,0,5
Logistic,17,1,1,35
CART,18,0,0,10
CART,18,0,1,6
CART,18,1,0,5
CART,18,1,1,35
LDA,18,0,0,10
LDA,18,0,1,6
LDA,18,1,0,3
LDA,18,1,1,37
Logistic,18,0,0,12
Logistic,18,0,1,4
Logistic,18,1,0,7
Logistic,18,1,1,33
CART,19,0,0,11
CART,19,0,1,5
CART,19,1,0,4
CART,19,1,1,36
LDA,19,0,0,10
LDA,19,0,1,6
LDA,19,1,0,2
LDA,19,1,1,38
Logistic,19,0,0,11
Logistic,19,0,1,5
Logistic,19,1,0,6
Logistic,19,1,1,34
