module,status,evidence_or_limit
统一审计与预处理,已实现,审计、显式fit/transform、遮蔽比较、闭合/ILR及自动测试均落盘
问题1.1,已实现,列联、精确/Monte Carlo、校正V、调整Logistic、Bootstrap/敏感性和5图
问题1.2,已实现,分层加权ILR、置换、1000 Bootstrap、留一、敏感性和5图
问题1.3,已实现,冻结效应反向位移、区间传播、适用性/闭合审计和4图
问题2.1,主体实现；1细项部分,嵌套分组CV、三模型、校准门禁、冻结与1000 Bootstrap；CART动态剪枝路径未实现
问题2.2,已实现；结论为不支持稳定亚类,R/Q聚类、候选k、样本外预测强度、共识和1000 Bootstrap
问题3,已实现,冻结哈希验证、概率区间、适用域、模糊/拒识、预注册灵敏度和4图
问题4,已实现；Graphical Lasso按门禁禁用,比例网络、1000 Bootstrap、10000置换、FDR、风化调整、偏相关和5图
跨问证据与复现,已实现,claim、四段证据、敏感性总表、逐文件清单和复跑哈希
