scenario_or_iteration,glass_type,edge_count,density,jaccard_vs_main,failed,failure_reason
0,高钾,12.0,0.26666666666666666,0.46153846153846156,0,
1,高钾,10.0,0.2222222222222222,0.21428571428571427,0,
2,高钾,10.0,0.2222222222222222,0.7,0,
3,高钾,7.0,0.15555555555555556,0.75,0,
4,高钾,10.0,0.2222222222222222,0.5454545454545454,0,
5,高钾,13.0,0.28888888888888886,0.5384615384615384,0,
6,高钾,15.0,0.3333333333333333,0.375,0,
7,高钾,12.0,0.26666666666666666,0.46153846153846156,0,
8,高钾,8.0,0.17777777777777778,0.5,0,
9,高钾,13.0,0.28888888888888886,0.5384615384615384,0,
10,高钾,11.0,0.24444444444444444,0.5,0,
11,高钾,9.0,0.2,0.6,0,
12,高钾,9.0,0.2,0.45454545454545453,0,
13,高钾,11.0,0.24444444444444444,0.6363636363636364,0,
14,高钾,9.0,0.2,0.6,0,
15,高钾,8.0,0.17777777777777778,0.875,0,
16,高钾,9.0,0.2,0.7777777777777778,0,
17,高钾,8.0,0.17777777777777778,0.6666666666666666,0,
18,高钾,13.0,0.28888888888888886,0.5384615384615384,0,
19,高钾,10.0,0.2222222222222222,0.5454545454545454,0,
20,高钾,11.0,0.24444444444444444,0.5,0,
21,高钾,7.0,0.15555555555555556,0.5555555555555556,0,
22,高钾,15.0,0.3333333333333333,0.375,0,
23,高钾,9.0,0.2,0.6,0,
24,高钾,7.0,0.15555555555555556,1.0,0,
25,高钾,12.0,0.26666666666666666,0.5833333333333334,0,
26,高钾,9.0,0.2,0.7777777777777778,0,
27,高钾,9.0,0.2,0.6,0,
28,高钾,16.0,0.35555555555555557,0.35294117647058826,0,
29,高钾,13.0,0.28888888888888886,0.42857142857142855,0,
30,高钾,14.0,0.3111111111111111,0.5,0,
31,高钾,12.0,0.26666666666666666,0.46153846153846156,0,
32,高钾,11.0,0.24444444444444444,0.6363636363636364,0,
33,高钾,12.0,0.26666666666666666,0.5833333333333334,0,
34,高钾,9.0,0.2,0.7777777777777778,0,
35,高钾,14.0,0.3111111111111111,0.4,0,
36,高钾,15.0,0.3333333333333333,0.375,0,
37,高钾,12.0,0.26666666666666666,0.46153846153846156,0,
38,高钾,9.0,0.2,0.7777777777777778,0,
39,高钾,9.0,0.2,0.7777777777777778,0,
40,高钾,10.0,0.2222222222222222,0.7,0,
41,高钾,11.0,0.24444444444444444,0.38461538461538464,0,
42,高钾,12.0,0.26666666666666666,0.46153846153846156,0,
43,高钾,7.0,0.15555555555555556,0.75,0,
44,高钾,8.0,0.17777777777777778,0.875,0,
45,高钾,9.0,0.2,0.6,0,
46,高钾,11.0,0.24444444444444444,0.6363636363636364,0,
47,高钾,10.0,0.2222222222222222,0.7,0,
48,高钾,7.0,0.15555555555555556,0.75,0,
49,高钾,12.0,0.26666666666666666,0.5833333333333334,0,
50,高钾,15.0,0.3333333333333333,0.4666666666666667,0,
51,高钾,13.0,0.28888888888888886,0.3333333333333333,0,
52,高钾,16.0,0.35555555555555557,0.4375,0,
53,高钾,14.0,0.3111111111111111,0.4,0,
54,高钾,14.0,0.3111111111111111,0.5,0,
55,高钾,13.0,0.28888888888888886,0.42857142857142855,0,
56,高钾,8.0,0.17777777777777778,0.875,0,
57,高钾,10.0,0.2222222222222222,0.7,0,
58,高钾,13.0,0.28888888888888886,0.42857142857142855,0,
59,高钾,8.0,0.17777777777777778,0.6666666666666666,0,
60,高钾,9.0,0.2,0.7777777777777778,0,
61,高钾,9.0,0.2,0.7777777777777778,0,
62,高钾,14.0,0.3111111111111111,0.4,0,
63,高钾,16.0,0.35555555555555557,0.35294117647058826,0,
64,高钾,13.0,0.28888888888888886,0.5384615384615384,0,
65,高钾,9.0,0.2,0.7777777777777778,0,
66,高钾,8.0,0.17777777777777778,0.6666666666666666,0,
67,高钾,12.0,0.26666666666666666,0.26666666666666666,0,
68,高钾,8.0,0.17777777777777778,0.875,0,
69,高钾,13.0,0.28888888888888886,0.42857142857142855,0,
70,高钾,8.0,0.17777777777777778,0.875,0,
71,高钾,11.0,0.24444444444444444,0.6363636363636364,0,
72,高钾,8.0,0.17777777777777778,0.875,0,
73,高钾,7.0,0.15555555555555556,0.75,0,
74,高钾,8.0,0.17777777777777778,0.36363636363636365,0,
75,高钾,20.0,0.4444444444444444,0.2857142857142857,0,
76,高钾,9.0,0.2,0.7777777777777778,0,
77,高钾,9.0,0.2,0.7777777777777778,0,
78,高钾,11.0,0.24444444444444444,0.5,0,
79,高钾,11.0,0.24444444444444444,0.5,0,
80,高钾,13.0,0.28888888888888886,0.42857142857142855,0,
81,高钾,10.0,0.2222222222222222,0.5454545454545454,0,
82,高钾,12.0,0.26666666666666666,0.46153846153846156,0,
83,高钾,12.0,0.26666666666666666,0.46153846153846156,0,
84,高钾,10.0,0.2222222222222222,0.7,0,
85,高钾,11.0,0.24444444444444444,0.5,0,
86,高钾,9.0,0.2,0.7777777777777778,0,
87,高钾,10.0,0.2222222222222222,0.5454545454545454,0,
88,高钾,8.0,0.17777777777777778,0.6666666666666666,0,
89,高钾,7.0,0.15555555555555556,0.2727272727272727,0,
90,高钾,14.0,0.3111111111111111,0.4,0,
91,高钾,7.0,0.15555555555555556,0.75,0,
92,高钾,11.0,0.24444444444444444,0.6363636363636364,0,
93,高钾,9.0,0.2,0.45454545454545453,0,
94,高钾,7.0,0.15555555555555556,0.5555555555555556,0,
95,高钾,11.0,0.24444444444444444,0.6363636363636364,0,
96,高钾,18.0,0.4,0.3888888888888889,0,
97,高钾,11.0,0.24444444444444444,0.5,0,
98,高钾,12.0,0.26666666666666666,0.46153846153846156,0,
99,高钾,8.0,0.17777777777777778,0.875,0,
100,高钾,12.0,0.26666666666666666,0.5833333333333334,0,
101,高钾,7.0,0.15555555555555556,0.75,0,
102,高钾,9.0,0.2,0.7777777777777778,0,
103,高钾,10.0,0.2222222222222222,0.7,0,
104,高钾,10.0,0.2222222222222222,0.7,0,
105,高钾,7.0,0.15555555555555556,0.5555555555555556,0,
106,高钾,9.0,0.2,0.7777777777777778,0,
107,高钾,15.0,0.3333333333333333,0.375,0,
108,高钾,9.0,0.2,0.45454545454545453,0,
109,高钾,9.0,0.2,0.6,0,
110,高钾,13.0,0.28888888888888886,0.5384615384615384,0,
111,高钾,11.0,0.24444444444444444,0.38461538461538464,0,
112,高钾,7.0,0.15555555555555556,0.75,0,
113,高钾,16.0,0.35555555555555557,0.4375,0,
114,高钾,8.0,0.17777777777777778,0.36363636363636365,0,
115,高钾,11.0,0.24444444444444444,0.6363636363636364,0,
116,高钾,12.0,0.26666666666666666,0.46153846153846156,0,
117,高钾,10.0,0.2222222222222222,0.5454545454545454,0,
118,高钾,12.0,0.26666666666666666,0.5833333333333334,0,
119,高钾,12.0,0.26666666666666666,0.5833333333333334,0,
120,高钾,7.0,0.15555555555555556,0.75,0,
121,高钾,16.0,0.35555555555555557,0.4375,0,
122,高钾,12.0,0.26666666666666666,0.5833333333333334,0,
123,高钾,7.0,0.15555555555555556,1.0,0,
124,高钾,10.0,0.2222222222222222,0.7,0,
125,高钾,10.0,0.2222222222222222,0.7,0,
126,高钾,14.0,0.3111111111111111,0.5,0,
127,高钾,11.0,0.24444444444444444,0.5,0,
128,高钾,13.0,0.28888888888888886,0.42857142857142855,0,
129,高钾,10.0,0.2222222222222222,0.5454545454545454,0,
130,高钾,12.0,0.26666666666666666,0.5833333333333334,0,
131,高钾,9.0,0.2,0.6,0,
132,高钾,8.0,0.17777777777777778,0.36363636363636365,0,
133,高钾,12.0,0.26666666666666666,0.5833333333333334,0,
134,高钾,11.0,0.24444444444444444,0.6363636363636364,0,
135,高钾,9.0,0.2,0.7777777777777778,0,
136,高钾,9.0,0.2,0.45454545454545453,0,
137,高钾,14.0,0.3111111111111111,0.5,0,
138,高钾,8.0,0.17777777777777778,0.6666666666666666,0,
139,高钾,9.0,0.2,0.7777777777777778,0,
140,高钾,10.0,0.2222222222222222,0.4166666666666667,0,
141,高钾,10.0,0.2222222222222222,0.5454545454545454,0,
142,高钾,11.0,0.24444444444444444,0.5,0,
143,高钾,14.0,0.3111111111111111,0.5,0,
144,高钾,12.0,0.26666666666666666,0.5833333333333334,0,
145,高钾,11.0,0.24444444444444444,0.5,0,
146,高钾,11.0,0.24444444444444444,0.6363636363636364,0,
147,高钾,13.0,0.28888888888888886,0.42857142857142855,0,
148,高钾,13.0,0.28888888888888886,0.42857142857142855,0,
149,高钾,13.0,0.28888888888888886,0.42857142857142855,0,
150,高钾,12.0,0.26666666666666666,0.46153846153846156,0,
151,高钾,12.0,0.26666666666666666,0.46153846153846156,0,
152,高钾,12.0,0.26666666666666666,0.5833333333333334,0,
153,高钾,8.0,0.17777777777777778,0.5,0,
154,高钾,10.0,0.2222222222222222,0.7,0,
155,高钾,11.0,0.24444444444444444,0.6363636363636364,0,
156,高钾,11.0,0.24444444444444444,0.5,0,
157,高钾,8.0,0.17777777777777778,0.36363636363636365,0,
158,高钾,8.0,0.17777777777777778,0.875,0,
159,高钾,9.0,0.2,0.7777777777777778,0,
160,高钾,10.0,0.2222222222222222,0.5454545454545454,0,
161,高钾,12.0,0.26666666666666666,0.5833333333333334,0,
162,高钾,12.0,0.26666666666666666,0.5833333333333334,0,
163,高钾,8.0,0.17777777777777778,0.36363636363636365,0,
164,高钾,12.0,0.26666666666666666,0.5833333333333334,0,
165,高钾,13.0,0.28888888888888886,0.5384615384615384,0,
166,高钾,11.0,0.24444444444444444,0.5,0,
167,高钾,11.0,0.24444444444444444,0.6363636363636364,0,
168,高钾,8.0,0.17777777777777778,0.6666666666666666,0,
169,高钾,10.0,0.2222222222222222,0.5454545454545454,0,
170,高钾,10.0,0.2222222222222222,0.5454545454545454,0,
171,高钾,9.0,0.2,0.6,0,
172,高钾,10.0,0.2222222222222222,0.7,0,
173,高钾,13.0,0.28888888888888886,0.5384615384615384,0,
174,高钾,9.0,0.2,0.7777777777777778,0,
175,高钾,12.0,0.26666666666666666,0.5833333333333334,0,
176,高钾,11.0,0.24444444444444444,0.6363636363636364,0,
177,高钾,13.0,0.28888888888888886,0.42857142857142855,0,
178,高钾,11.0,0.24444444444444444,0.6363636363636364,0,
179,高钾,11.0,0.24444444444444444,0.5,0,
180,高钾,9.0,0.2,0.7777777777777778,0,
181,高钾,11.0,0.24444444444444444,0.6363636363636364,0,
182,高钾,6.0,0.13333333333333333,0.4444444444444444,0,
183,高钾,14.0,0.3111111111111111,0.3125,0,
184,高钾,11.0,0.24444444444444444,0.5,0,
185,高钾,11.0,0.24444444444444444,0.6363636363636364,0,
186,高钾,9.0,0.2,0.7777777777777778,0,
187,高钾,15.0,0.3333333333333333,0.4666666666666667,0,
188,高钾,7.0,0.15555555555555556,0.5555555555555556,0,
189,高钾,10.0,0.2222222222222222,0.7,0,
190,高钾,13.0,0.28888888888888886,0.5384615384615384,0,
191,高钾,9.0,0.2,0.7777777777777778,0,
192,高钾,10.0,0.2222222222222222,0.5454545454545454,0,
193,高钾,6.0,0.13333333333333333,0.8571428571428571,0,
194,高钾,15.0,0.3333333333333333,0.375,0,
195,高钾,7.0,0.15555555555555556,0.5555555555555556,0,
196,高钾,8.0,0.17777777777777778,0.875,0,
197,高钾,14.0,0.3111111111111111,0.4,0,
198,高钾,11.0,0.24444444444444444,0.6363636363636364,0,
199,高钾,7.0,0.15555555555555556,0.75,0,
200,高钾,15.0,0.3333333333333333,0.4666666666666667,0,
201,高钾,14.0,0.3111111111111111,0.5,0,
202,高钾,9.0,0.2,0.7777777777777778,0,
203,高钾,11.0,0.24444444444444444,0.5,0,
204,高钾,8.0,0.17777777777777778,0.6666666666666666,0,
205,高钾,9.0,0.2,0.6,0,
206,高钾,11.0,0.24444444444444444,0.6363636363636364,0,
207,高钾,8.0,0.17777777777777778,0.36363636363636365,0,
208,高钾,11.0,0.24444444444444444,0.5,0,
209,高钾,9.0,0.2,0.45454545454545453,0,
210,高钾,9.0,0.2,0.6,0,
211,高钾,10.0,0.2222222222222222,0.5454545454545454,0,
212,高钾,11.0,0.24444444444444444,0.6363636363636364,0,
213,高钾,10.0,0.2222222222222222,0.5454545454545454,0,
214,高钾,8.0,0.17777777777777778,0.6666666666666666,0,
215,高钾,10.0,0.2222222222222222,0.7,0,
216,高钾,11.0,0.24444444444444444,0.5,0,
217,高钾,11.0,0.24444444444444444,0.6363636363636364,0,
218,高钾,7.0,0.15555555555555556,0.5555555555555556,0,
219,高钾,12.0,0.26666666666666666,0.46153846153846156,0,
220,高钾,13.0,0.28888888888888886,0.5384615384615384,0,
221,高钾,9.0,0.2,0.6,0,
222,高钾,12.0,0.26666666666666666,0.35714285714285715,0,
223,高钾,13.0,0.28888888888888886,0.42857142857142855,0,
224,高钾,9.0,0.2,0.3333333333333333,0,
225,高钾,9.0,0.2,0.6,0,
226,高钾,13.0,0.28888888888888886,0.42857142857142855,0,
227,高钾,10.0,0.2222222222222222,0.4166666666666667,0,
228,高钾,14.0,0.3111111111111111,0.5,0,
229,高钾,7.0,0.15555555555555556,0.5555555555555556,0,
230,高钾,8.0,0.17777777777777778,0.875,0,
231,高钾,10.0,0.2222222222222222,0.5454545454545454,0,
232,高钾,11.0,0.24444444444444444,0.2857142857142857,0,
233,高钾,13.0,0.28888888888888886,0.25,0,
234,高钾,7.0,0.15555555555555556,0.75,0,
235,高钾,11.0,0.24444444444444444,0.5,0,
236,高钾,14.0,0.3111111111111111,0.5,0,
237,高钾,9.0,0.2,0.6,0,
238,高钾,9.0,0.2,0.45454545454545453,0,
239,高钾,11.0,0.24444444444444444,0.6363636363636364,0,
240,高钾,12.0,0.26666666666666666,0.46153846153846156,0,
241,高钾,8.0,0.17777777777777778,0.6666666666666666,0,
242,高钾,11.0,0.24444444444444444,0.6363636363636364,0,
243,高钾,10.0,0.2222222222222222,0.5454545454545454,0,
244,高钾,13.0,0.28888888888888886,0.5384615384615384,0,
245,高钾,11.0,0.24444444444444444,0.6363636363636364,0,
246,高钾,11.0,0.24444444444444444,0.6363636363636364,0,
247,高钾,10.0,0.2222222222222222,0.5454545454545454,0,
248,高钾,10.0,0.2222222222222222,0.7,0,
249,高钾,10.0,0.2222222222222222,0.7,0,
250,高钾,13.0,0.28888888888888886,0.42857142857142855,0,
251,高钾,12.0,0.26666666666666666,0.5833333333333334,0,
252,高钾,14.0,0.3111111111111111,0.4,0,
253,高钾,7.0,0.15555555555555556,1.0,0,
254,高钾,5.0,0.1111111111111111,0.2,0,
255,高钾,7.0,0.15555555555555556,0.75,0,
256,高钾,10.0,0.2222222222222222,0.7,0,
257,高钾,13.0,0.28888888888888886,0.42857142857142855,0,
258,高钾,13.0,0.28888888888888886,0.3333333333333333,0,
259,高钾,11.0,0.24444444444444444,0.38461538461538464,0,
260,高钾,13.0,0.28888888888888886,0.42857142857142855,0,
261,高钾,7.0,0.15555555555555556,0.5555555555555556,0,
262,高钾,10.0,0.2222222222222222,0.7,0,
263,高钾,8.0,0.17777777777777778,0.875,0,
264,高钾,15.0,0.3333333333333333,0.375,0,
265,高钾,8.0,0.17777777777777778,0.5,0,
266,高钾,8.0,0.17777777777777778,0.6666666666666666,0,
267,高钾,8.0,0.17777777777777778,0.875,0,
268,高钾,7.0,0.15555555555555556,1.0,0,
269,高钾,15.0,0.3333333333333333,0.4666666666666667,0,
270,高钾,10.0,0.2222222222222222,0.7,0,
271,高钾,9.0,0.2,0.7777777777777778,0,
272,高钾,7.0,0.15555555555555556,0.75,0,
273,高钾,11.0,0.24444444444444444,0.6363636363636364,0,
274,高钾,14.0,0.3111111111111111,0.5,0,
275,高钾,11.0,0.24444444444444444,0.6363636363636364,0,
276,高钾,9.0,0.2,0.3333333333333333,0,
277,高钾,14.0,0.3111111111111111,0.5,0,
278,高钾,15.0,0.3333333333333333,0.4666666666666667,0,
279,高钾,10.0,0.2222222222222222,0.7,0,
280,高钾,14.0,0.3111111111111111,0.3125,0,
281,高钾,8.0,0.17777777777777778,0.875,0,
282,高钾,7.0,0.15555555555555556,0.75,0,
283,高钾,8.0,0.17777777777777778,0.6666666666666666,0,
284,高钾,12.0,0.26666666666666666,0.5833333333333334,0,
285,高钾,11.0,0.24444444444444444,0.6363636363636364,0,
286,高钾,10.0,0.2222222222222222,0.5454545454545454,0,
287,高钾,6.0,0.13333333333333333,0.625,0,
288,高钾,16.0,0.35555555555555557,0.4375,0,
289,高钾,11.0,0.24444444444444444,0.6363636363636364,0,
290,高钾,15.0,0.3333333333333333,0.4666666666666667,0,
291,高钾,14.0,0.3111111111111111,0.4,0,
292,高钾,8.0,0.17777777777777778,0.6666666666666666,0,
293,高钾,10.0,0.2222222222222222,0.5454545454545454,0,
294,高钾,11.0,0.24444444444444444,0.5,0,
295,高钾,18.0,0.4,0.3888888888888889,0,
296,高钾,11.0,0.24444444444444444,0.5,0,
297,高钾,11.0,0.24444444444444444,0.5,0,
298,高钾,9.0,0.2,0.6,0,
299,高钾,9.0,0.2,0.6,0,
300,高钾,10.0,0.2222222222222222,0.5454545454545454,0,
301,高钾,10.0,0.2222222222222222,0.5454545454545454,0,
302,高钾,11.0,0.24444444444444444,0.5,0,
303,高钾,9.0,0.2,0.6,0,
304,高钾,12.0,0.26666666666666666,0.46153846153846156,0,
305,高钾,9.0,0.2,0.7777777777777778,0,
306,高钾,10.0,0.2222222222222222,0.5454545454545454,0,
307,高钾,12.0,0.26666666666666666,0.5833333333333334,0,
308,高钾,11.0,0.24444444444444444,0.6363636363636364,0,
309,高钾,11.0,0.24444444444444444,0.2857142857142857,0,
310,高钾,11.0,0.24444444444444444,0.5,0,
311,高钾,10.0,0.2222222222222222,0.7,0,
312,高钾,7.0,0.15555555555555556,0.5555555555555556,0,
313,高钾,7.0,0.15555555555555556,1.0,0,
314,高钾,11.0,0.24444444444444444,0.6363636363636364,0,
315,高钾,9.0,0.2,0.7777777777777778,0,
316,高钾,10.0,0.2222222222222222,0.5454545454545454,0,
317,高钾,11.0,0.24444444444444444,0.5,0,
318,高钾,9.0,0.2,0.7777777777777778,0,
319,高钾,11.0,0.24444444444444444,0.5,0,
320,高钾,13.0,0.28888888888888886,0.5384615384615384,0,
321,高钾,6.0,0.13333333333333333,0.8571428571428571,0,
322,高钾,13.0,0.28888888888888886,0.5384615384615384,0,
323,高钾,8.0,0.17777777777777778,0.6666666666666666,0,
324,高钾,12.0,0.26666666666666666,0.5833333333333334,0,
325,高钾,9.0,0.2,0.6,0,
326,高钾,11.0,0.24444444444444444,0.6363636363636364,0,
327,高钾,6.0,0.13333333333333333,0.8571428571428571,0,
328,高钾,9.0,0.2,0.7777777777777778,0,
329,高钾,8.0,0.17777777777777778,0.875,0,
330,高钾,9.0,0.2,0.7777777777777778,0,
331,高钾,11.0,0.24444444444444444,0.5,0,
332,高钾,9.0,0.2,0.7777777777777778,0,
333,高钾,14.0,0.3111111111111111,0.4,0,
334,高钾,10.0,0.2222222222222222,0.5454545454545454,0,
335,高钾,8.0,0.17777777777777778,0.875,0,
336,高钾,9.0,0.2,0.7777777777777778,0,
337,高钾,10.0,0.2222222222222222,0.7,0,
338,高钾,9.0,0.2,0.6,0,
339,高钾,6.0,0.13333333333333333,0.625,0,
340,高钾,13.0,0.28888888888888886,0.42857142857142855,0,
341,高钾,10.0,0.2222222222222222,0.5454545454545454,0,
342,高钾,12.0,0.26666666666666666,0.46153846153846156,0,
343,高钾,15.0,0.3333333333333333,0.4666666666666667,0,
344,高钾,10.0,0.2222222222222222,0.7,0,
345,高钾,12.0,0.26666666666666666,0.46153846153846156,0,
346,高钾,14.0,0.3111111111111111,0.3125,0,
347,高钾,9.0,0.2,0.6,0,
348,高钾,11.0,0.24444444444444444,0.6363636363636364,0,
349,高钾,9.0,0.2,0.7777777777777778,0,
350,高钾,9.0,0.2,0.45454545454545453,0,
351,高钾,8.0,0.17777777777777778,0.875,0,
352,高钾,8.0,0.17777777777777778,0.875,0,
353,高钾,9.0,0.2,0.7777777777777778,0,
354,高钾,9.0,0.2,0.7777777777777778,0,
355,高钾,10.0,0.2222222222222222,0.5454545454545454,0,
356,高钾,16.0,0.35555555555555557,0.4375,0,
357,高钾,9.0,0.2,0.6,0,
358,高钾,12.0,0.26666666666666666,0.5833333333333334,0,
359,高钾,8.0,0.17777777777777778,0.875,0,
360,高钾,9.0,0.2,0.45454545454545453,0,
361,高钾,8.0,0.17777777777777778,0.6666666666666666,0,
362,高钾,13.0,0.28888888888888886,0.5384615384615384,0,
363,高钾,11.0,0.24444444444444444,0.5,0,
364,高钾,8.0,0.17777777777777778,0.875,0,
365,高钾,10.0,0.2222222222222222,0.7,0,
366,高钾,15.0,0.3333333333333333,0.4666666666666667,0,
367,高钾,11.0,0.24444444444444444,0.6363636363636364,0,
368,高钾,10.0,0.2222222222222222,0.7,0,
369,高钾,10.0,0.2222222222222222,0.7,0,
370,高钾,10.0,0.2222222222222222,0.5454545454545454,0,
371,高钾,12.0,0.26666666666666666,0.35714285714285715,0,
372,高钾,13.0,0.28888888888888886,0.42857142857142855,0,
373,高钾,9.0,0.2,0.7777777777777778,0,
374,高钾,9.0,0.2,0.45454545454545453,0,
375,高钾,11.0,0.24444444444444444,0.5,0,
376,高钾,10.0,0.2222222222222222,0.5454545454545454,0,
377,高钾,9.0,0.2,0.7777777777777778,0,
378,高钾,8.0,0.17777777777777778,0.5,0,
379,高钾,12.0,0.26666666666666666,0.5833333333333334,0,
380,高钾,9.0,0.2,0.7777777777777778,0,
381,高钾,12.0,0.26666666666666666,0.46153846153846156,0,
382,高钾,8.0,0.17777777777777778,0.875,0,
383,高钾,8.0,0.17777777777777778,0.6666666666666666,0,
384,高钾,8.0,0.17777777777777778,0.875,0,
385,高钾,17.0,0.37777777777777777,0.4117647058823529,0,
386,高钾,12.0,0.26666666666666666,0.5833333333333334,0,
387,高钾,10.0,0.2222222222222222,0.5454545454545454,0,
388,高钾,11.0,0.24444444444444444,0.6363636363636364,0,
389,高钾,6.0,0.13333333333333333,0.4444444444444444,0,
390,高钾,10.0,0.2222222222222222,0.5454545454545454,0,
391,高钾,14.0,0.3111111111111111,0.5,0,
392,高钾,12.0,0.26666666666666666,0.5833333333333334,0,
393,高钾,10.0,0.2222222222222222,0.7,0,
394,高钾,9.0,0.2,0.7777777777777778,0,
395,高钾,13.0,0.28888888888888886,0.5384615384615384,0,
396,高钾,7.0,0.15555555555555556,1.0,0,
397,高钾,8.0,0.17777777777777778,0.875,0,
398,高钾,14.0,0.3111111111111111,0.4,0,
399,高钾,9.0,0.2,0.6,0,
400,高钾,9.0,0.2,0.7777777777777778,0,
401,高钾,10.0,0.2222222222222222,0.7,0,
402,高钾,13.0,0.28888888888888886,0.42857142857142855,0,
403,高钾,11.0,0.24444444444444444,0.6363636363636364,0,
404,高钾,13.0,0.28888888888888886,0.5384615384615384,0,
405,高钾,14.0,0.3111111111111111,0.5,0,
406,高钾,14.0,0.3111111111111111,0.5,0,
407,高钾,11.0,0.24444444444444444,0.6363636363636364,0,
408,高钾,8.0,0.17777777777777778,0.875,0,
409,高钾,11.0,0.24444444444444444,0.6363636363636364,0,
410,高钾,8.0,0.17777777777777778,0.875,0,
411,高钾,12.0,0.26666666666666666,0.5833333333333334,0,
412,高钾,14.0,0.3111111111111111,0.5,0,
413,高钾,11.0,0.24444444444444444,0.6363636363636364,0,
414,高钾,10.0,0.2222222222222222,0.7,0,
415,高钾,7.0,0.15555555555555556,0.4,0,
416,高钾,9.0,0.2,0.7777777777777778,0,
417,高钾,15.0,0.3333333333333333,0.4666666666666667,0,
418,高钾,9.0,0.2,0.6,0,
419,高钾,6.0,0.13333333333333333,0.8571428571428571,0,
420,高钾,15.0,0.3333333333333333,0.4666666666666667,0,
421,高钾,9.0,0.2,0.6,0,
422,高钾,12.0,0.26666666666666666,0.5833333333333334,0,
423,高钾,14.0,0.3111111111111111,0.4,0,
424,高钾,12.0,0.26666666666666666,0.5833333333333334,0,
425,高钾,11.0,0.24444444444444444,0.6363636363636364,0,
426,高钾,8.0,0.17777777777777778,0.5,0,
427,高钾,10.0,0.2222222222222222,0.5454545454545454,0,
428,高钾,11.0,0.24444444444444444,0.6363636363636364,0,
429,高钾,14.0,0.3111111111111111,0.5,0,
430,高钾,15.0,0.3333333333333333,0.375,0,
431,高钾,14.0,0.3111111111111111,0.4,0,
432,高钾,11.0,0.24444444444444444,0.38461538461538464,0,
433,高钾,10.0,0.2222222222222222,0.7,0,
434,高钾,8.0,0.17777777777777778,0.875,0,
435,高钾,11.0,0.24444444444444444,0.6363636363636364,0,
436,高钾,12.0,0.26666666666666666,0.46153846153846156,0,
437,高钾,12.0,0.26666666666666666,0.5833333333333334,0,
438,高钾,10.0,0.2222222222222222,0.7,0,
439,高钾,9.0,0.2,0.6,0,
440,高钾,7.0,0.15555555555555556,0.75,0,
441,高钾,10.0,0.2222222222222222,0.5454545454545454,0,
442,高钾,14.0,0.3111111111111111,0.4,0,
443,高钾,13.0,0.28888888888888886,0.5384615384615384,0,
444,高钾,11.0,0.24444444444444444,0.6363636363636364,0,
445,高钾,11.0,0.24444444444444444,0.6363636363636364,0,
446,高钾,10.0,0.2222222222222222,0.7,0,
447,高钾,14.0,0.3111111111111111,0.4,0,
448,高钾,9.0,0.2,0.6,0,
449,高钾,14.0,0.3111111111111111,0.5,0,
450,高钾,16.0,0.35555555555555557,0.35294117647058826,0,
451,高钾,6.0,0.13333333333333333,0.625,0,
452,高钾,11.0,0.24444444444444444,0.6363636363636364,0,
453,高钾,12.0,0.26666666666666666,0.5833333333333334,0,
454,高钾,10.0,0.2222222222222222,0.7,0,
455,高钾,17.0,0.37777777777777777,0.4117647058823529,0,
456,高钾,6.0,0.13333333333333333,0.625,0,
457,高钾,8.0,0.17777777777777778,0.6666666666666666,0,
458,高钾,7.0,0.15555555555555556,0.75,0,
459,高钾,10.0,0.2222222222222222,0.7,0,
460,高钾,9.0,0.2,0.7777777777777778,0,
461,高钾,7.0,0.15555555555555556,0.75,0,
462,高钾,7.0,0.15555555555555556,0.5555555555555556,0,
463,高钾,13.0,0.28888888888888886,0.5384615384615384,0,
464,高钾,5.0,0.1111111111111111,0.5,0,
465,高钾,8.0,0.17777777777777778,0.875,0,
466,高钾,10.0,0.2222222222222222,0.5454545454545454,0,
467,高钾,8.0,0.17777777777777778,0.6666666666666666,0,
468,高钾,12.0,0.26666666666666666,0.5833333333333334,0,
469,高钾,8.0,0.17777777777777778,0.875,0,
470,高钾,11.0,0.24444444444444444,0.5,0,
471,高钾,9.0,0.2,0.7777777777777778,0,
472,高钾,9.0,0.2,0.7777777777777778,0,
473,高钾,14.0,0.3111111111111111,0.5,0,
474,高钾,9.0,0.2,0.7777777777777778,0,
475,高钾,15.0,0.3333333333333333,0.375,0,
476,高钾,11.0,0.24444444444444444,0.5,0,
477,高钾,6.0,0.13333333333333333,0.8571428571428571,0,
478,高钾,13.0,0.28888888888888886,0.5384615384615384,0,
479,高钾,11.0,0.24444444444444444,0.6363636363636364,0,
480,高钾,6.0,0.13333333333333333,0.625,0,
481,高钾,9.0,0.2,0.3333333333333333,0,
482,高钾,10.0,0.2222222222222222,0.5454545454545454,0,
483,高钾,11.0,0.24444444444444444,0.5,0,
484,高钾,14.0,0.3111111111111111,0.4,0,
485,高钾,9.0,0.2,0.7777777777777778,0,
486,高钾,8.0,0.17777777777777778,0.6666666666666666,0,
487,高钾,14.0,0.3111111111111111,0.5,0,
488,高钾,12.0,0.26666666666666666,0.46153846153846156,0,
489,高钾,9.0,0.2,0.6,0,
490,高钾,11.0,0.24444444444444444,0.6363636363636364,0,
491,高钾,10.0,0.2222222222222222,0.7,0,
492,高钾,11.0,0.24444444444444444,0.6363636363636364,0,
493,高钾,11.0,0.24444444444444444,0.6363636363636364,0,
494,高钾,9.0,0.2,0.3333333333333333,0,
495,高钾,12.0,0.26666666666666666,0.46153846153846156,0,
496,高钾,8.0,0.17777777777777778,0.6666666666666666,0,
497,高钾,13.0,0.28888888888888886,0.5384615384615384,0,
498,高钾,12.0,0.26666666666666666,0.5833333333333334,0,
499,高钾,12.0,0.26666666666666666,0.46153846153846156,0,
500,高钾,13.0,0.28888888888888886,0.42857142857142855,0,
501,高钾,8.0,0.17777777777777778,0.875,0,
502,高钾,11.0,0.24444444444444444,0.38461538461538464,0,
503,高钾,14.0,0.3111111111111111,0.5,0,
504,高钾,9.0,0.2,0.7777777777777778,0,
505,高钾,14.0,0.3111111111111111,0.5,0,
506,高钾,11.0,0.24444444444444444,0.6363636363636364,0,
507,高钾,10.0,0.2222222222222222,0.7,0,
508,高钾,8.0,0.17777777777777778,0.875,0,
509,高钾,11.0,0.24444444444444444,0.5,0,
510,高钾,13.0,0.28888888888888886,0.5384615384615384,0,
511,高钾,12.0,0.26666666666666666,0.5833333333333334,0,
512,高钾,10.0,0.2222222222222222,0.5454545454545454,0,
513,高钾,10.0,0.2222222222222222,0.7,0,
514,高钾,13.0,0.28888888888888886,0.5384615384615384,0,
515,高钾,11.0,0.24444444444444444,0.5,0,
516,高钾,9.0,0.2,0.7777777777777778,0,
517,高钾,10.0,0.2222222222222222,0.7,0,
518,高钾,12.0,0.26666666666666666,0.5833333333333334,0,
519,高钾,10.0,0.2222222222222222,0.7,0,
520,高钾,7.0,0.15555555555555556,0.5555555555555556,0,
521,高钾,8.0,0.17777777777777778,0.6666666666666666,0,
522,高钾,10.0,0.2222222222222222,0.5454545454545454,0,
523,高钾,13.0,0.28888888888888886,0.5384615384615384,0,
524,高钾,15.0,0.3333333333333333,0.4666666666666667,0,
525,高钾,13.0,0.28888888888888886,0.5384615384615384,0,
526,高钾,12.0,0.26666666666666666,0.5833333333333334,0,
527,高钾,9.0,0.2,0.7777777777777778,0,
528,高钾,9.0,0.2,0.6,0,
529,高钾,15.0,0.3333333333333333,0.4666666666666667,0,
530,高钾,8.0,0.17777777777777778,0.6666666666666666,0,
531,高钾,10.0,0.2222222222222222,0.5454545454545454,0,
532,高钾,13.0,0.28888888888888886,0.5384615384615384,0,
533,高钾,9.0,0.2,0.7777777777777778,0,
534,高钾,9.0,0.2,0.7777777777777778,0,
535,高钾,13.0,0.28888888888888886,0.42857142857142855,0,
536,高钾,11.0,0.24444444444444444,0.6363636363636364,0,
537,高钾,10.0,0.2222222222222222,0.7,0,
538,高钾,10.0,0.2222222222222222,0.7,0,
539,高钾,8.0,0.17777777777777778,0.6666666666666666,0,
540,高钾,13.0,0.28888888888888886,0.42857142857142855,0,
541,高钾,12.0,0.26666666666666666,0.5833333333333334,0,
542,高钾,11.0,0.24444444444444444,0.38461538461538464,0,
543,高钾,16.0,0.35555555555555557,0.4375,0,
544,高钾,9.0,0.2,0.7777777777777778,0,
545,高钾,12.0,0.26666666666666666,0.5833333333333334,0,
546,高钾,9.0,0.2,0.6,0,
547,高钾,13.0,0.28888888888888886,0.5384615384615384,0,
548,高钾,11.0,0.24444444444444444,0.6363636363636364,0,
549,高钾,9.0,0.2,0.6,0,
550,高钾,8.0,0.17777777777777778,0.6666666666666666,0,
551,高钾,8.0,0.17777777777777778,0.6666666666666666,0,
552,高钾,10.0,0.2222222222222222,0.5454545454545454,0,
553,高钾,10.0,0.2222222222222222,0.5454545454545454,0,
554,高钾,12.0,0.26666666666666666,0.5833333333333334,0,
555,高钾,10.0,0.2222222222222222,0.7,0,
556,高钾,9.0,0.2,0.6,0,
557,高钾,9.0,0.2,0.45454545454545453,0,
558,高钾,14.0,0.3111111111111111,0.5,0,
559,高钾,13.0,0.28888888888888886,0.5384615384615384,0,
560,高钾,10.0,0.2222222222222222,0.5454545454545454,0,
561,高钾,10.0,0.2222222222222222,0.7,0,
562,高钾,10.0,0.2222222222222222,0.5454545454545454,0,
563,高钾,8.0,0.17777777777777778,0.875,0,
564,高钾,9.0,0.2,0.6,0,
565,高钾,11.0,0.24444444444444444,0.5,0,
566,高钾,10.0,0.2222222222222222,0.7,0,
567,高钾,10.0,0.2222222222222222,0.5454545454545454,0,
568,高钾,15.0,0.3333333333333333,0.4666666666666667,0,
569,高钾,10.0,0.2222222222222222,0.5454545454545454,0,
570,高钾,9.0,0.2,0.7777777777777778,0,
571,高钾,9.0,0.2,0.6,0,
572,高钾,10.0,0.2222222222222222,0.7,0,
573,高钾,13.0,0.28888888888888886,0.42857142857142855,0,
574,高钾,7.0,0.15555555555555556,0.75,0,
575,高钾,10.0,0.2222222222222222,0.7,0,
576,高钾,13.0,0.28888888888888886,0.42857142857142855,0,
577,高钾,11.0,0.24444444444444444,0.6363636363636364,0,
578,高钾,9.0,0.2,0.3333333333333333,0,
579,高钾,12.0,0.26666666666666666,0.5833333333333334,0,
580,高钾,8.0,0.17777777777777778,0.6666666666666666,0,
581,高钾,13.0,0.28888888888888886,0.3333333333333333,0,
582,高钾,10.0,0.2222222222222222,0.7,0,
583,高钾,10.0,0.2222222222222222,0.5454545454545454,0,
584,高钾,10.0,0.2222222222222222,0.7,0,
585,高钾,12.0,0.26666666666666666,0.5833333333333334,0,
586,高钾,12.0,0.26666666666666666,0.46153846153846156,0,
587,高钾,12.0,0.26666666666666666,0.46153846153846156,0,
588,高钾,12.0,0.26666666666666666,0.5833333333333334,0,
589,高钾,8.0,0.17777777777777778,0.6666666666666666,0,
590,高钾,10.0,0.2222222222222222,0.7,0,
591,高钾,6.0,0.13333333333333333,0.8571428571428571,0,
592,高钾,7.0,0.15555555555555556,0.75,0,
593,高钾,9.0,0.2,0.7777777777777778,0,
594,高钾,16.0,0.35555555555555557,0.4375,0,
595,高钾,12.0,0.26666666666666666,0.5833333333333334,0,
596,高钾,10.0,0.2222222222222222,0.5454545454545454,0,
597,高钾,7.0,0.15555555555555556,0.5555555555555556,0,
598,高钾,12.0,0.26666666666666666,0.46153846153846156,0,
599,高钾,13.0,0.28888888888888886,0.42857142857142855,0,
600,高钾,11.0,0.24444444444444444,0.6363636363636364,0,
601,高钾,11.0,0.24444444444444444,0.6363636363636364,0,
602,高钾,9.0,0.2,0.7777777777777778,0,
603,高钾,11.0,0.24444444444444444,0.5,0,
604,高钾,8.0,0.17777777777777778,0.6666666666666666,0,
605,高钾,7.0,0.15555555555555556,1.0,0,
606,高钾,10.0,0.2222222222222222,0.5454545454545454,0,
607,高钾,13.0,0.28888888888888886,0.5384615384615384,0,
608,高钾,9.0,0.2,0.7777777777777778,0,
609,高钾,9.0,0.2,0.6,0,
610,高钾,10.0,0.2222222222222222,0.5454545454545454,0,
611,高钾,9.0,0.2,0.6,0,
612,高钾,11.0,0.24444444444444444,0.5,0,
613,高钾,10.0,0.2222222222222222,0.7,0,
614,高钾,10.0,0.2222222222222222,0.5454545454545454,0,
615,高钾,12.0,0.26666666666666666,0.46153846153846156,0,
616,高钾,9.0,0.2,0.7777777777777778,0,
617,高钾,13.0,0.28888888888888886,0.5384615384615384,0,
618,高钾,9.0,0.2,0.7777777777777778,0,
619,高钾,17.0,0.37777777777777777,0.4117647058823529,0,
620,高钾,8.0,0.17777777777777778,0.6666666666666666,0,
621,高钾,6.0,0.13333333333333333,0.625,0,
622,高钾,13.0,0.28888888888888886,0.42857142857142855,0,
623,高钾,10.0,0.2222222222222222,0.7,0,
624,高钾,14.0,0.3111111111111111,0.5,0,
625,高钾,10.0,0.2222222222222222,0.5454545454545454,0,
626,高钾,12.0,0.26666666666666666,0.5833333333333334,0,
627,高钾,8.0,0.17777777777777778,0.875,0,
628,高钾,10.0,0.2222222222222222,0.7,0,
629,高钾,8.0,0.17777777777777778,0.6666666666666666,0,
630,高钾,12.0,0.26666666666666666,0.5833333333333334,0,
631,高钾,10.0,0.2222222222222222,0.7,0,
632,高钾,9.0,0.2,0.7777777777777778,0,
633,高钾,13.0,0.28888888888888886,0.5384615384615384,0,
634,高钾,12.0,0.26666666666666666,0.5833333333333334,0,
635,高钾,13.0,0.28888888888888886,0.5384615384615384,0,
636,高钾,11.0,0.24444444444444444,0.6363636363636364,0,
637,高钾,13.0,0.28888888888888886,0.42857142857142855,0,
638,高钾,10.0,0.2222222222222222,0.7,0,
639,高钾,10.0,0.2222222222222222,0.7,0,
640,高钾,14.0,0.3111111111111111,0.5,0,
641,高钾,12.0,0.26666666666666666,0.5833333333333334,0,
642,高钾,9.0,0.2,0.7777777777777778,0,
643,高钾,10.0,0.2222222222222222,0.7,0,
644,高钾,9.0,0.2,0.7777777777777778,0,
645,高钾,10.0,0.2222222222222222,0.5454545454545454,0,
646,高钾,11.0,0.24444444444444444,0.6363636363636364,0,
647,高钾,8.0,0.17777777777777778,0.6666666666666666,0,
648,高钾,9.0,0.2,0.7777777777777778,0,
649,高钾,10.0,0.2222222222222222,0.7,0,
650,高钾,15.0,0.3333333333333333,0.4666666666666667,0,
651,高钾,14.0,0.3111111111111111,0.4,0,
652,高钾,8.0,0.17777777777777778,0.875,0,
653,高钾,12.0,0.26666666666666666,0.5833333333333334,0,
654,高钾,11.0,0.24444444444444444,0.6363636363636364,0,
655,高钾,16.0,0.35555555555555557,0.2777777777777778,0,
656,高钾,10.0,0.2222222222222222,0.5454545454545454,0,
657,高钾,9.0,0.2,0.7777777777777778,0,
658,高钾,11.0,0.24444444444444444,0.6363636363636364,0,
659,高钾,9.0,0.2,0.45454545454545453,0,
660,高钾,8.0,0.17777777777777778,0.6666666666666666,0,
661,高钾,14.0,0.3111111111111111,0.5,0,
662,高钾,9.0,0.2,0.7777777777777778,0,
663,高钾,8.0,0.17777777777777778,0.875,0,
664,高钾,12.0,0.26666666666666666,0.5833333333333334,0,
665,高钾,8.0,0.17777777777777778,0.6666666666666666,0,
666,高钾,17.0,0.37777777777777777,0.4117647058823529,0,
667,高钾,9.0,0.2,0.7777777777777778,0,
668,高钾,12.0,0.26666666666666666,0.46153846153846156,0,
669,高钾,18.0,0.4,0.3157894736842105,0,
670,高钾,7.0,0.15555555555555556,0.75,0,
671,高钾,10.0,0.2222222222222222,0.3076923076923077,0,
672,高钾,11.0,0.24444444444444444,0.6363636363636364,0,
673,高钾,14.0,0.3111111111111111,0.5,0,
674,高钾,8.0,0.17777777777777778,0.5,0,
675,高钾,10.0,0.2222222222222222,0.4166666666666667,0,
676,高钾,9.0,0.2,0.7777777777777778,0,
677,高钾,12.0,0.26666666666666666,0.5833333333333334,0,
678,高钾,12.0,0.26666666666666666,0.5833333333333334,0,
679,高钾,13.0,0.28888888888888886,0.5384615384615384,0,
680,高钾,11.0,0.24444444444444444,0.5,0,
681,高钾,11.0,0.24444444444444444,0.6363636363636364,0,
682,高钾,12.0,0.26666666666666666,0.5833333333333334,0,
683,高钾,11.0,0.24444444444444444,0.5,0,
684,高钾,8.0,0.17777777777777778,0.6666666666666666,0,
685,高钾,9.0,0.2,0.7777777777777778,0,
686,高钾,10.0,0.2222222222222222,0.7,0,
687,高钾,8.0,0.17777777777777778,0.6666666666666666,0,
688,高钾,8.0,0.17777777777777778,0.6666666666666666,0,
689,高钾,12.0,0.26666666666666666,0.46153846153846156,0,
690,高钾,10.0,0.2222222222222222,0.7,0,
691,高钾,9.0,0.2,0.45454545454545453,0,
692,高钾,12.0,0.26666666666666666,0.46153846153846156,0,
693,高钾,14.0,0.3111111111111111,0.3125,0,
694,高钾,13.0,0.28888888888888886,0.5384615384615384,0,
695,高钾,10.0,0.2222222222222222,0.4166666666666667,0,
696,高钾,11.0,0.24444444444444444,0.6363636363636364,0,
697,高钾,19.0,0.4222222222222222,0.3684210526315789,0,
698,高钾,15.0,0.3333333333333333,0.375,0,
699,高钾,8.0,0.17777777777777778,0.875,0,
700,高钾,11.0,0.24444444444444444,0.5,0,
701,高钾,11.0,0.24444444444444444,0.6363636363636364,0,
702,高钾,8.0,0.17777777777777778,0.6666666666666666,0,
703,高钾,14.0,0.3111111111111111,0.5,0,
704,高钾,11.0,0.24444444444444444,0.5,0,
705,高钾,8.0,0.17777777777777778,0.875,0,
706,高钾,12.0,0.26666666666666666,0.5833333333333334,0,
707,高钾,9.0,0.2,0.3333333333333333,0,
708,高钾,8.0,0.17777777777777778,0.875,0,
709,高钾,11.0,0.24444444444444444,0.6363636363636364,0,
710,高钾,9.0,0.2,0.7777777777777778,0,
711,高钾,14.0,0.3111111111111111,0.4,0,
712,高钾,13.0,0.28888888888888886,0.3333333333333333,0,
713,高钾,14.0,0.3111111111111111,0.4,0,
714,高钾,11.0,0.24444444444444444,0.6363636363636364,0,
715,高钾,9.0,0.2,0.7777777777777778,0,
716,高钾,6.0,0.13333333333333333,0.8571428571428571,0,
717,高钾,13.0,0.28888888888888886,0.5384615384615384,0,
718,高钾,15.0,0.3333333333333333,0.375,0,
719,高钾,8.0,0.17777777777777778,0.875,0,
720,高钾,12.0,0.26666666666666666,0.5833333333333334,0,
721,高钾,8.0,0.17777777777777778,0.5,0,
722,高钾,14.0,0.3111111111111111,0.5,0,
723,高钾,11.0,0.24444444444444444,0.5,0,
724,高钾,14.0,0.3111111111111111,0.4,0,
725,高钾,10.0,0.2222222222222222,0.7,0,
726,高钾,10.0,0.2222222222222222,0.7,0,
727,高钾,9.0,0.2,0.6,0,
728,高钾,11.0,0.24444444444444444,0.6363636363636364,0,
729,高钾,10.0,0.2222222222222222,0.5454545454545454,0,
730,高钾,13.0,0.28888888888888886,0.5384615384615384,0,
731,高钾,9.0,0.2,0.7777777777777778,0,
732,高钾,9.0,0.2,0.6,0,
733,高钾,7.0,0.15555555555555556,1.0,0,
734,高钾,8.0,0.17777777777777778,0.875,0,
735,高钾,9.0,0.2,0.7777777777777778,0,
736,高钾,12.0,0.26666666666666666,0.5833333333333334,0,
737,高钾,9.0,0.2,0.7777777777777778,0,
738,高钾,12.0,0.26666666666666666,0.5833333333333334,0,
739,高钾,12.0,0.26666666666666666,0.5833333333333334,0,
740,高钾,12.0,0.26666666666666666,0.46153846153846156,0,
741,高钾,14.0,0.3111111111111111,0.4,0,
742,高钾,13.0,0.28888888888888886,0.42857142857142855,0,
743,高钾,12.0,0.26666666666666666,0.46153846153846156,0,
744,高钾,16.0,0.35555555555555557,0.4375,0,
745,高钾,12.0,0.26666666666666666,0.46153846153846156,0,
746,高钾,11.0,0.24444444444444444,0.5,0,
747,高钾,13.0,0.28888888888888886,0.5384615384615384,0,
748,高钾,13.0,0.28888888888888886,0.42857142857142855,0,
749,高钾,11.0,0.24444444444444444,0.6363636363636364,0,
750,高钾,10.0,0.2222222222222222,0.7,0,
751,高钾,8.0,0.17777777777777778,0.25,0,
752,高钾,14.0,0.3111111111111111,0.5,0,
753,高钾,10.0,0.2222222222222222,0.7,0,
754,高钾,11.0,0.24444444444444444,0.6363636363636364,0,
755,高钾,10.0,0.2222222222222222,0.7,0,
756,高钾,9.0,0.2,0.7777777777777778,0,
757,高钾,11.0,0.24444444444444444,0.5,0,
758,高钾,16.0,0.35555555555555557,0.4375,0,
759,高钾,6.0,0.13333333333333333,0.625,0,
760,高钾,10.0,0.2222222222222222,0.5454545454545454,0,
761,高钾,11.0,0.24444444444444444,0.38461538461538464,0,
762,高钾,11.0,0.24444444444444444,0.5,0,
763,高钾,15.0,0.3333333333333333,0.29411764705882354,0,
764,高钾,13.0,0.28888888888888886,0.5384615384615384,0,
765,高钾,15.0,0.3333333333333333,0.4666666666666667,0,
766,高钾,8.0,0.17777777777777778,0.5,0,
767,高钾,11.0,0.24444444444444444,0.5,0,
768,高钾,13.0,0.28888888888888886,0.42857142857142855,0,
769,高钾,14.0,0.3111111111111111,0.4,0,
770,高钾,12.0,0.26666666666666666,0.46153846153846156,0,
771,高钾,12.0,0.26666666666666666,0.46153846153846156,0,
772,高钾,15.0,0.3333333333333333,0.4666666666666667,0,
773,高钾,15.0,0.3333333333333333,0.4666666666666667,0,
774,高钾,11.0,0.24444444444444444,0.5,0,
775,高钾,12.0,0.26666666666666666,0.46153846153846156,0,
776,高钾,11.0,0.24444444444444444,0.6363636363636364,0,
777,高钾,12.0,0.26666666666666666,0.46153846153846156,0,
778,高钾,9.0,0.2,0.7777777777777778,0,
779,高钾,12.0,0.26666666666666666,0.46153846153846156,0,
780,高钾,12.0,0.26666666666666666,0.46153846153846156,0,
781,高钾,12.0,0.26666666666666666,0.46153846153846156,0,
782,高钾,9.0,0.2,0.7777777777777778,0,
783,高钾,17.0,0.37777777777777777,0.2631578947368421,0,
784,高钾,10.0,0.2222222222222222,0.7,0,
785,高钾,10.0,0.2222222222222222,0.0625,0,
786,高钾,9.0,0.2,0.7777777777777778,0,
787,高钾,14.0,0.3111111111111111,0.4,0,
788,高钾,10.0,0.2222222222222222,0.7,0,
789,高钾,12.0,0.26666666666666666,0.5833333333333334,0,
790,高钾,12.0,0.26666666666666666,0.5833333333333334,0,
791,高钾,13.0,0.28888888888888886,0.5384615384615384,0,
792,高钾,7.0,0.15555555555555556,0.5555555555555556,0,
793,高钾,12.0,0.26666666666666666,0.5833333333333334,0,
794,高钾,6.0,0.13333333333333333,0.625,0,
795,高钾,6.0,0.13333333333333333,0.625,0,
796,高钾,11.0,0.24444444444444444,0.5,0,
797,高钾,9.0,0.2,0.6,0,
798,高钾,11.0,0.24444444444444444,0.5,0,
799,高钾,9.0,0.2,0.7777777777777778,0,
800,高钾,10.0,0.2222222222222222,0.7,0,
801,高钾,9.0,0.2,0.3333333333333333,0,
802,高钾,15.0,0.3333333333333333,0.4666666666666667,0,
803,高钾,12.0,0.26666666666666666,0.5833333333333334,0,
804,高钾,10.0,0.2222222222222222,0.0625,0,
805,高钾,9.0,0.2,0.7777777777777778,0,
806,高钾,15.0,0.3333333333333333,0.4666666666666667,0,
807,高钾,13.0,0.28888888888888886,0.5384615384615384,0,
808,高钾,14.0,0.3111111111111111,0.4,0,
809,高钾,12.0,0.26666666666666666,0.46153846153846156,0,
810,高钾,12.0,0.26666666666666666,0.5833333333333334,0,
811,高钾,9.0,0.2,0.7777777777777778,0,
812,高钾,13.0,0.28888888888888886,0.5384615384615384,0,
813,高钾,15.0,0.3333333333333333,0.4666666666666667,0,
814,高钾,9.0,0.2,0.7777777777777778,0,
815,高钾,13.0,0.28888888888888886,0.42857142857142855,0,
816,高钾,13.0,0.28888888888888886,0.5384615384615384,0,
817,高钾,12.0,0.26666666666666666,0.46153846153846156,0,
818,高钾,9.0,0.2,0.45454545454545453,0,
819,高钾,7.0,0.15555555555555556,1.0,0,
820,高钾,19.0,0.4222222222222222,0.23809523809523808,0,
821,高钾,7.0,0.15555555555555556,0.5555555555555556,0,
822,高钾,11.0,0.24444444444444444,0.6363636363636364,0,
823,高钾,9.0,0.2,0.6,0,
824,高钾,11.0,0.24444444444444444,0.38461538461538464,0,
825,高钾,12.0,0.26666666666666666,0.5833333333333334,0,
826,高钾,12.0,0.26666666666666666,0.5833333333333334,0,
827,高钾,12.0,0.26666666666666666,0.46153846153846156,0,
828,高钾,9.0,0.2,0.7777777777777778,0,
829,高钾,7.0,0.15555555555555556,0.75,0,
830,高钾,7.0,0.15555555555555556,0.5555555555555556,0,
831,高钾,10.0,0.2222222222222222,0.7,0,
832,高钾,12.0,0.26666666666666666,0.5833333333333334,0,
833,高钾,11.0,0.24444444444444444,0.5,0,
834,高钾,15.0,0.3333333333333333,0.4666666666666667,0,
835,高钾,11.0,0.24444444444444444,0.38461538461538464,0,
836,高钾,11.0,0.24444444444444444,0.5,0,
837,高钾,12.0,0.26666666666666666,0.46153846153846156,0,
838,高钾,13.0,0.28888888888888886,0.5384615384615384,0,
839,高钾,11.0,0.24444444444444444,0.5,0,
840,高钾,11.0,0.24444444444444444,0.6363636363636364,0,
841,高钾,12.0,0.26666666666666666,0.35714285714285715,0,
842,高钾,10.0,0.2222222222222222,0.7,0,
843,高钾,9.0,0.2,0.7777777777777778,0,
844,高钾,17.0,0.37777777777777777,0.4117647058823529,0,
845,高钾,11.0,0.24444444444444444,0.6363636363636364,0,
846,高钾,13.0,0.28888888888888886,0.5384615384615384,0,
847,高钾,13.0,0.28888888888888886,0.5384615384615384,0,
848,高钾,9.0,0.2,0.7777777777777778,0,
849,高钾,8.0,0.17777777777777778,0.875,0,
850,高钾,11.0,0.24444444444444444,0.6363636363636364,0,
851,高钾,9.0,0.2,0.7777777777777778,0,
852,高钾,7.0,0.15555555555555556,0.4,0,
853,高钾,12.0,0.26666666666666666,0.5833333333333334,0,
854,高钾,10.0,0.2222222222222222,0.7,0,
855,高钾,8.0,0.17777777777777778,0.875,0,
856,高钾,9.0,0.2,0.7777777777777778,0,
857,高钾,17.0,0.37777777777777777,0.4117647058823529,0,
858,高钾,13.0,0.28888888888888886,0.42857142857142855,0,
859,高钾,10.0,0.2222222222222222,0.7,0,
860,高钾,10.0,0.2222222222222222,0.4166666666666667,0,
861,高钾,15.0,0.3333333333333333,0.4666666666666667,0,
862,高钾,12.0,0.26666666666666666,0.5833333333333334,0,
863,高钾,8.0,0.17777777777777778,0.875,0,
864,高钾,13.0,0.28888888888888886,0.42857142857142855,0,
865,高钾,7.0,0.15555555555555556,0.5555555555555556,0,
866,高钾,6.0,0.13333333333333333,0.8571428571428571,0,
867,高钾,11.0,0.24444444444444444,0.38461538461538464,0,
868,高钾,9.0,0.2,0.7777777777777778,0,
869,高钾,13.0,0.28888888888888886,0.5384615384615384,0,
870,高钾,10.0,0.2222222222222222,0.7,0,
871,高钾,12.0,0.26666666666666666,0.5833333333333334,0,
872,高钾,10.0,0.2222222222222222,0.5454545454545454,0,
873,高钾,8.0,0.17777777777777778,0.875,0,
874,高钾,13.0,0.28888888888888886,0.5384615384615384,0,
875,高钾,16.0,0.35555555555555557,0.4375,0,
876,高钾,14.0,0.3111111111111111,0.4,0,
877,高钾,9.0,0.2,0.6,0,
878,高钾,14.0,0.3111111111111111,0.5,0,
879,高钾,12.0,0.26666666666666666,0.46153846153846156,0,
880,高钾,13.0,0.28888888888888886,0.42857142857142855,0,
881,高钾,11.0,0.24444444444444444,0.5,0,
882,高钾,8.0,0.17777777777777778,0.5,0,
883,高钾,13.0,0.28888888888888886,0.5384615384615384,0,
884,高钾,10.0,0.2222222222222222,0.5454545454545454,0,
885,高钾,12.0,0.26666666666666666,0.5833333333333334,0,
886,高钾,8.0,0.17777777777777778,0.5,0,
887,高钾,13.0,0.28888888888888886,0.5384615384615384,0,
888,高钾,8.0,0.17777777777777778,0.5,0,
889,高钾,10.0,0.2222222222222222,0.5454545454545454,0,
890,高钾,14.0,0.3111111111111111,0.5,0,
891,高钾,10.0,0.2222222222222222,0.5454545454545454,0,
892,高钾,9.0,0.2,0.7777777777777778,0,
893,高钾,14.0,0.3111111111111111,0.4,0,
894,高钾,15.0,0.3333333333333333,0.4666666666666667,0,
895,高钾,13.0,0.28888888888888886,0.42857142857142855,0,
896,高钾,9.0,0.2,0.7777777777777778,0,
897,高钾,13.0,0.28888888888888886,0.5384615384615384,0,
898,高钾,11.0,0.24444444444444444,0.38461538461538464,0,
899,高钾,10.0,0.2222222222222222,0.7,0,
900,高钾,15.0,0.3333333333333333,0.4666666666666667,0,
901,高钾,6.0,0.13333333333333333,0.4444444444444444,0,
902,高钾,13.0,0.28888888888888886,0.42857142857142855,0,
903,高钾,11.0,0.24444444444444444,0.2857142857142857,0,
904,高钾,13.0,0.28888888888888886,0.5384615384615384,0,
905,高钾,7.0,0.15555555555555556,0.75,0,
906,高钾,9.0,0.2,0.6,0,
907,高钾,11.0,0.24444444444444444,0.6363636363636364,0,
908,高钾,12.0,0.26666666666666666,0.46153846153846156,0,
909,高钾,10.0,0.2222222222222222,0.7,0,
910,高钾,12.0,0.26666666666666666,0.46153846153846156,0,
911,高钾,9.0,0.2,0.6,0,
912,高钾,9.0,0.2,0.6,0,
913,高钾,9.0,0.2,0.6,0,
914,高钾,9.0,0.2,0.45454545454545453,0,
915,高钾,9.0,0.2,0.7777777777777778,0,
916,高钾,12.0,0.26666666666666666,0.5833333333333334,0,
917,高钾,17.0,0.37777777777777777,0.3333333333333333,0,
918,高钾,15.0,0.3333333333333333,0.4666666666666667,0,
919,高钾,10.0,0.2222222222222222,0.7,0,
920,高钾,11.0,0.24444444444444444,0.5,0,
921,高钾,13.0,0.28888888888888886,0.5384615384615384,0,
922,高钾,9.0,0.2,0.7777777777777778,0,
923,高钾,13.0,0.28888888888888886,0.5384615384615384,0,
924,高钾,8.0,0.17777777777777778,0.6666666666666666,0,
925,高钾,10.0,0.2222222222222222,0.5454545454545454,0,
926,高钾,16.0,0.35555555555555557,0.4375,0,
927,高钾,12.0,0.26666666666666666,0.5833333333333334,0,
928,高钾,10.0,0.2222222222222222,0.7,0,
929,高钾,7.0,0.15555555555555556,1.0,0,
930,高钾,15.0,0.3333333333333333,0.4666666666666667,0,
931,高钾,12.0,0.26666666666666666,0.46153846153846156,0,
932,高钾,13.0,0.28888888888888886,0.5384615384615384,0,
933,高钾,11.0,0.24444444444444444,0.6363636363636364,0,
934,高钾,9.0,0.2,0.7777777777777778,0,
935,高钾,10.0,0.2222222222222222,0.7,0,
936,高钾,7.0,0.15555555555555556,0.75,0,
937,高钾,7.0,0.15555555555555556,0.5555555555555556,0,
938,高钾,14.0,0.3111111111111111,0.4,0,
939,高钾,9.0,0.2,0.7777777777777778,0,
940,高钾,13.0,0.28888888888888886,0.5384615384615384,0,
941,高钾,9.0,0.2,0.45454545454545453,0,
942,高钾,11.0,0.24444444444444444,0.6363636363636364,0,
943,高钾,9.0,0.2,0.45454545454545453,0,
944,高钾,9.0,0.2,0.7777777777777778,0,
945,高钾,10.0,0.2222222222222222,0.5454545454545454,0,
946,高钾,15.0,0.3333333333333333,0.4666666666666667,0,
947,高钾,9.0,0.2,0.6,0,
948,高钾,14.0,0.3111111111111111,0.5,0,
949,高钾,9.0,0.2,0.7777777777777778,0,
950,高钾,8.0,0.17777777777777778,0.5,0,
951,高钾,10.0,0.2222222222222222,0.5454545454545454,0,
952,高钾,8.0,0.17777777777777778,0.6666666666666666,0,
953,高钾,12.0,0.26666666666666666,0.5833333333333334,0,
954,高钾,6.0,0.13333333333333333,0.625,0,
955,高钾,9.0,0.2,0.7777777777777778,0,
956,高钾,8.0,0.17777777777777778,0.6666666666666666,0,
957,高钾,10.0,0.2222222222222222,0.7,0,
958,高钾,13.0,0.28888888888888886,0.5384615384615384,0,
959,高钾,8.0,0.17777777777777778,0.5,0,
960,高钾,12.0,0.26666666666666666,0.5833333333333334,0,
961,高钾,10.0,0.2222222222222222,0.7,0,
962,高钾,7.0,0.15555555555555556,0.75,0,
963,高钾,10.0,0.2222222222222222,0.5454545454545454,0,
964,高钾,9.0,0.2,0.45454545454545453,0,
965,高钾,10.0,0.2222222222222222,0.5454545454545454,0,
966,高钾,9.0,0.2,0.7777777777777778,0,
967,高钾,9.0,0.2,0.7777777777777778,0,
968,高钾,10.0,0.2222222222222222,0.5454545454545454,0,
969,高钾,12.0,0.26666666666666666,0.46153846153846156,0,
970,高钾,0.0,0.0,0.0,0,
971,高钾,0.0,0.0,0.0,0,
972,高钾,0.0,0.0,0.0,0,
973,高钾,0.0,0.0,0.0,0,
974,高钾,0.0,0.0,0.0,0,
975,高钾,0.0,0.0,0.0,0,
976,高钾,0.0,0.0,0.0,0,
977,高钾,0.0,0.0,0.0,0,
978,高钾,0.0,0.0,0.0,0,
979,高钾,0.0,0.0,0.0,0,
980,高钾,0.0,0.0,0.0,0,
981,高钾,0.0,0.0,0.0,0,
982,高钾,0.0,0.0,0.0,0,
983,高钾,0.0,0.0,0.0,0,
984,高钾,0.0,0.0,0.0,0,
985,高钾,0.0,0.0,0.0,0,
986,高钾,0.0,0.0,0.0,0,
987,高钾,0.0,0.0,0.0,0,
988,高钾,0.0,0.0,0.0,0,
989,高钾,0.0,0.0,0.0,0,
990,高钾,0.0,0.0,0.0,0,
991,高钾,0.0,0.0,0.0,0,
992,高钾,0.0,0.0,0.0,0,
993,高钾,0.0,0.0,0.0,0,
994,高钾,0.0,0.0,0.0,0,
995,高钾,0.0,0.0,0.0,0,
996,高钾,0.0,0.0,0.0,0,
997,高钾,0.0,0.0,0.0,0,
998,高钾,0.0,0.0,0.0,0,
999,高钾,0.0,0.0,0.0,0,
graphical_lasso_gate,高钾,,,,1,disabled_n_over_p=1.600_lt_5
0,铅钡,5.0,0.09090909090909091,0.4,0,
1,铅钡,8.0,0.14545454545454545,0.25,0,
2,铅钡,8.0,0.14545454545454545,0.25,0,
3,铅钡,5.0,0.09090909090909091,0.4,0,
4,铅钡,4.0,0.07272727272727272,0.5,0,
5,铅钡,3.0,0.05454545454545454,0.25,0,
6,铅钡,8.0,0.14545454545454545,0.25,0,
7,铅钡,7.0,0.12727272727272726,0.2857142857142857,0,
8,铅钡,6.0,0.10909090909090909,0.3333333333333333,0,
9,铅钡,5.0,0.09090909090909091,0.4,0,
10,铅钡,4.0,0.07272727272727272,0.5,0,
11,铅钡,6.0,0.10909090909090909,0.3333333333333333,0,
12,铅钡,8.0,0.14545454545454545,0.25,0,
13,铅钡,6.0,0.10909090909090909,0.3333333333333333,0,
14,铅钡,5.0,0.09090909090909091,0.4,0,
15,铅钡,5.0,0.09090909090909091,0.4,0,
16,铅钡,8.0,0.14545454545454545,0.25,0,
17,铅钡,10.0,0.18181818181818182,0.2,0,
18,铅钡,6.0,0.10909090909090909,0.3333333333333333,0,
19,铅钡,5.0,0.09090909090909091,0.4,0,
20,铅钡,6.0,0.10909090909090909,0.3333333333333333,0,
21,铅钡,4.0,0.07272727272727272,0.2,0,
22,铅钡,8.0,0.14545454545454545,0.25,0,
23,铅钡,4.0,0.07272727272727272,0.5,0,
24,铅钡,2.0,0.03636363636363636,1.0,0,
25,铅钡,3.0,0.05454545454545454,0.6666666666666666,0,
26,铅钡,6.0,0.10909090909090909,0.14285714285714285,0,
27,铅钡,2.0,0.03636363636363636,1.0,0,
28,铅钡,3.0,0.05454545454545454,0.6666666666666666,0,
29,铅钡,5.0,0.09090909090909091,0.4,0,
30,铅钡,6.0,0.10909090909090909,0.3333333333333333,0,
31,铅钡,5.0,0.09090909090909091,0.4,0,
32,铅钡,4.0,0.07272727272727272,0.5,0,
33,铅钡,10.0,0.18181818181818182,0.2,0,
34,铅钡,5.0,0.09090909090909091,0.4,0,
35,铅钡,7.0,0.12727272727272726,0.2857142857142857,0,
36,铅钡,6.0,0.10909090909090909,0.3333333333333333,0,
37,铅钡,8.0,0.14545454545454545,0.25,0,
38,铅钡,4.0,0.07272727272727272,0.5,0,
39,铅钡,3.0,0.05454545454545454,0.6666666666666666,0,
40,铅钡,2.0,0.03636363636363636,1.0,0,
41,铅钡,6.0,0.10909090909090909,0.3333333333333333,0,
42,铅钡,5.0,0.09090909090909091,0.4,0,
43,铅钡,4.0,0.07272727272727272,0.5,0,
44,铅钡,3.0,0.05454545454545454,0.6666666666666666,0,
45,铅钡,5.0,0.09090909090909091,0.4,0,
46,铅钡,5.0,0.09090909090909091,0.4,0,
47,铅钡,4.0,0.07272727272727272,0.5,0,
48,铅钡,5.0,0.09090909090909091,0.4,0,
49,铅钡,3.0,0.05454545454545454,0.6666666666666666,0,
50,铅钡,4.0,0.07272727272727272,0.5,0,
51,铅钡,5.0,0.09090909090909091,0.4,0,
52,铅钡,4.0,0.07272727272727272,0.5,0,
53,铅钡,5.0,0.09090909090909091,0.4,0,
54,铅钡,3.0,0.05454545454545454,0.6666666666666666,0,
55,铅钡,5.0,0.09090909090909091,0.4,0,
56,铅钡,7.0,0.12727272727272726,0.2857142857142857,0,
57,铅钡,5.0,0.09090909090909091,0.4,0,
58,铅钡,9.0,0.16363636363636364,0.2222222222222222,0,
59,铅钡,5.0,0.09090909090909091,0.4,0,
60,铅钡,4.0,0.07272727272727272,0.5,0,
61,铅钡,5.0,0.09090909090909091,0.4,0,
62,铅钡,6.0,0.10909090909090909,0.14285714285714285,0,
63,铅钡,5.0,0.09090909090909091,0.4,0,
64,铅钡,5.0,0.09090909090909091,0.4,0,
65,铅钡,5.0,0.09090909090909091,0.4,0,
66,铅钡,9.0,0.16363636363636364,0.2222222222222222,0,
67,铅钡,10.0,0.18181818181818182,0.2,0,
68,铅钡,3.0,0.05454545454545454,0.6666666666666666,0,
69,铅钡,2.0,0.03636363636363636,1.0,0,
70,铅钡,3.0,0.05454545454545454,0.25,0,
71,铅钡,8.0,0.14545454545454545,0.25,0,
72,铅钡,2.0,0.03636363636363636,1.0,0,
73,铅钡,3.0,0.05454545454545454,0.6666666666666666,0,
74,铅钡,8.0,0.14545454545454545,0.25,0,
75,铅钡,4.0,0.07272727272727272,0.5,0,
76,铅钡,4.0,0.07272727272727272,0.5,0,
77,铅钡,6.0,0.10909090909090909,0.3333333333333333,0,
78,铅钡,6.0,0.10909090909090909,0.3333333333333333,0,
79,铅钡,3.0,0.05454545454545454,0.6666666666666666,0,
80,铅钡,5.0,0.09090909090909091,0.4,0,
81,铅钡,5.0,0.09090909090909091,0.4,0,
82,铅钡,9.0,0.16363636363636364,0.2222222222222222,0,
83,铅钡,6.0,0.10909090909090909,0.3333333333333333,0,
84,铅钡,6.0,0.10909090909090909,0.3333333333333333,0,
85,铅钡,5.0,0.09090909090909091,0.16666666666666666,0,
86,铅钡,3.0,0.05454545454545454,0.25,0,
87,铅钡,4.0,0.07272727272727272,0.5,0,
88,铅钡,5.0,0.09090909090909091,0.4,0,
89,铅钡,2.0,0.03636363636363636,1.0,0,
90,铅钡,4.0,0.07272727272727272,0.5,0,
91,铅钡,5.0,0.09090909090909091,0.4,0,
92,铅钡,7.0,0.12727272727272726,0.2857142857142857,0,
93,铅钡,5.0,0.09090909090909091,0.4,0,
94,铅钡,4.0,0.07272727272727272,0.5,0,
95,铅钡,7.0,0.12727272727272726,0.2857142857142857,0,
96,铅钡,6.0,0.10909090909090909,0.14285714285714285,0,
97,铅钡,5.0,0.09090909090909091,0.4,0,
98,铅钡,2.0,0.03636363636363636,1.0,0,
99,铅钡,4.0,0.07272727272727272,0.5,0,
100,铅钡,4.0,0.07272727272727272,0.5,0,
101,铅钡,8.0,0.14545454545454545,0.25,0,
102,铅钡,7.0,0.12727272727272726,0.125,0,
103,铅钡,6.0,0.10909090909090909,0.3333333333333333,0,
104,铅钡,7.0,0.12727272727272726,0.2857142857142857,0,
105,铅钡,5.0,0.09090909090909091,0.4,0,
106,铅钡,4.0,0.07272727272727272,0.5,0,
107,铅钡,4.0,0.07272727272727272,0.5,0,
108,铅钡,7.0,0.12727272727272726,0.2857142857142857,0,
109,铅钡,7.0,0.12727272727272726,0.2857142857142857,0,
110,铅钡,7.0,0.12727272727272726,0.2857142857142857,0,
111,铅钡,5.0,0.09090909090909091,0.4,0,
112,铅钡,9.0,0.16363636363636364,0.2222222222222222,0,
113,铅钡,5.0,0.09090909090909091,0.4,0,
114,铅钡,3.0,0.05454545454545454,0.6666666666666666,0,
115,铅钡,7.0,0.12727272727272726,0.2857142857142857,0,
116,铅钡,5.0,0.09090909090909091,0.4,0,
117,铅钡,5.0,0.09090909090909091,0.4,0,
118,铅钡,6.0,0.10909090909090909,0.3333333333333333,0,
119,铅钡,10.0,0.18181818181818182,0.2,0,
120,铅钡,6.0,0.10909090909090909,0.3333333333333333,0,
121,铅钡,6.0,0.10909090909090909,0.3333333333333333,0,
122,铅钡,4.0,0.07272727272727272,0.5,0,
123,铅钡,7.0,0.12727272727272726,0.2857142857142857,0,
124,铅钡,7.0,0.12727272727272726,0.2857142857142857,0,
125,铅钡,10.0,0.18181818181818182,0.2,0,
126,铅钡,7.0,0.12727272727272726,0.2857142857142857,0,
127,铅钡,10.0,0.18181818181818182,0.2,0,
128,铅钡,4.0,0.07272727272727272,0.5,0,
129,铅钡,5.0,0.09090909090909091,0.4,0,
130,铅钡,7.0,0.12727272727272726,0.2857142857142857,0,
131,铅钡,8.0,0.14545454545454545,0.25,0,
132,铅钡,7.0,0.12727272727272726,0.2857142857142857,0,
133,铅钡,7.0,0.12727272727272726,0.2857142857142857,0,
134,铅钡,4.0,0.07272727272727272,0.5,0,
135,铅钡,5.0,0.09090909090909091,0.4,0,
136,铅钡,4.0,0.07272727272727272,0.5,0,
137,铅钡,9.0,0.16363636363636364,0.1,0,
138,铅钡,6.0,0.10909090909090909,0.3333333333333333,0,
139,铅钡,9.0,0.16363636363636364,0.2222222222222222,0,
140,铅钡,6.0,0.10909090909090909,0.3333333333333333,0,
141,铅钡,9.0,0.16363636363636364,0.2222222222222222,0,
142,铅钡,2.0,0.03636363636363636,1.0,0,
143,铅钡,11.0,0.2,0.18181818181818182,0,
144,铅钡,6.0,0.10909090909090909,0.14285714285714285,0,
145,铅钡,5.0,0.09090909090909091,0.4,0,
146,铅钡,5.0,0.09090909090909091,0.4,0,
147,铅钡,6.0,0.10909090909090909,0.3333333333333333,0,
148,铅钡,5.0,0.09090909090909091,0.4,0,
149,铅钡,6.0,0.10909090909090909,0.3333333333333333,0,
150,铅钡,11.0,0.2,0.18181818181818182,0,
151,铅钡,8.0,0.14545454545454545,0.25,0,
152,铅钡,10.0,0.18181818181818182,0.2,0,
153,铅钡,7.0,0.12727272727272726,0.2857142857142857,0,
154,铅钡,3.0,0.05454545454545454,0.6666666666666666,0,
155,铅钡,6.0,0.10909090909090909,0.14285714285714285,0,
156,铅钡,6.0,0.10909090909090909,0.3333333333333333,0,
157,铅钡,7.0,0.12727272727272726,0.2857142857142857,0,
158,铅钡,8.0,0.14545454545454545,0.25,0,
159,铅钡,6.0,0.10909090909090909,0.14285714285714285,0,
160,铅钡,6.0,0.10909090909090909,0.3333333333333333,0,
161,铅钡,6.0,0.10909090909090909,0.3333333333333333,0,
162,铅钡,5.0,0.09090909090909091,0.4,0,
163,铅钡,5.0,0.09090909090909091,0.4,0,
164,铅钡,4.0,0.07272727272727272,0.5,0,
165,铅钡,7.0,0.12727272727272726,0.2857142857142857,0,
166,铅钡,5.0,0.09090909090909091,0.4,0,
167,铅钡,5.0,0.09090909090909091,0.4,0,
168,铅钡,7.0,0.12727272727272726,0.2857142857142857,0,
169,铅钡,5.0,0.09090909090909091,0.4,0,
170,铅钡,3.0,0.05454545454545454,0.6666666666666666,0,
171,铅钡,5.0,0.09090909090909091,0.4,0,
172,铅钡,7.0,0.12727272727272726,0.2857142857142857,0,
173,铅钡,6.0,0.10909090909090909,0.3333333333333333,0,
174,铅钡,3.0,0.05454545454545454,0.6666666666666666,0,
175,铅钡,4.0,0.07272727272727272,0.5,0,
176,铅钡,3.0,0.05454545454545454,0.6666666666666666,0,
177,铅钡,3.0,0.05454545454545454,0.6666666666666666,0,
178,铅钡,4.0,0.07272727272727272,0.5,0,
179,铅钡,3.0,0.05454545454545454,0.6666666666666666,0,
180,铅钡,7.0,0.12727272727272726,0.2857142857142857,0,
181,铅钡,5.0,0.09090909090909091,0.4,0,
182,铅钡,7.0,0.12727272727272726,0.125,0,
183,铅钡,4.0,0.07272727272727272,0.5,0,
184,铅钡,7.0,0.12727272727272726,0.2857142857142857,0,
185,铅钡,4.0,0.07272727272727272,0.2,0,
186,铅钡,7.0,0.12727272727272726,0.2857142857142857,0,
187,铅钡,7.0,0.12727272727272726,0.2857142857142857,0,
188,铅钡,5.0,0.09090909090909091,0.4,0,
189,铅钡,5.0,0.09090909090909091,0.4,0,
190,铅钡,4.0,0.07272727272727272,0.2,0,
191,铅钡,7.0,0.12727272727272726,0.2857142857142857,0,
192,铅钡,2.0,0.03636363636363636,1.0,0,
193,铅钡,7.0,0.12727272727272726,0.2857142857142857,0,
194,铅钡,5.0,0.09090909090909091,0.4,0,
195,铅钡,7.0,0.12727272727272726,0.125,0,
196,铅钡,8.0,0.14545454545454545,0.25,0,
197,铅钡,5.0,0.09090909090909091,0.4,0,
198,铅钡,4.0,0.07272727272727272,0.5,0,
199,铅钡,6.0,0.10909090909090909,0.3333333333333333,0,
200,铅钡,9.0,0.16363636363636364,0.2222222222222222,0,
201,铅钡,2.0,0.03636363636363636,1.0,0,
202,铅钡,6.0,0.10909090909090909,0.3333333333333333,0,
203,铅钡,3.0,0.05454545454545454,0.25,0,
204,铅钡,7.0,0.12727272727272726,0.2857142857142857,0,
205,铅钡,8.0,0.14545454545454545,0.25,0,
206,铅钡,5.0,0.09090909090909091,0.4,0,
207,铅钡,4.0,0.07272727272727272,0.5,0,
208,铅钡,4.0,0.07272727272727272,0.5,0,
209,铅钡,5.0,0.09090909090909091,0.4,0,
210,铅钡,4.0,0.07272727272727272,0.5,0,
211,铅钡,6.0,0.10909090909090909,0.3333333333333333,0,
212,铅钡,8.0,0.14545454545454545,0.1111111111111111,0,
213,铅钡,5.0,0.09090909090909091,0.4,0,
214,铅钡,3.0,0.05454545454545454,0.6666666666666666,0,
215,铅钡,11.0,0.2,0.18181818181818182,0,
216,铅钡,4.0,0.07272727272727272,0.5,0,
217,铅钡,9.0,0.16363636363636364,0.2222222222222222,0,
218,铅钡,3.0,0.05454545454545454,0.6666666666666666,0,
219,铅钡,5.0,0.09090909090909091,0.4,0,
220,铅钡,7.0,0.12727272727272726,0.2857142857142857,0,
221,铅钡,8.0,0.14545454545454545,0.25,0,
222,铅钡,5.0,0.09090909090909091,0.4,0,
223,铅钡,5.0,0.09090909090909091,0.4,0,
224,铅钡,8.0,0.14545454545454545,0.25,0,
225,铅钡,5.0,0.09090909090909091,0.4,0,
226,铅钡,5.0,0.09090909090909091,0.4,0,
227,铅钡,4.0,0.07272727272727272,0.5,0,
228,铅钡,7.0,0.12727272727272726,0.2857142857142857,0,
229,铅钡,7.0,0.12727272727272726,0.2857142857142857,0,
230,铅钡,7.0,0.12727272727272726,0.2857142857142857,0,
231,铅钡,6.0,0.10909090909090909,0.3333333333333333,0,
232,铅钡,3.0,0.05454545454545454,0.25,0,
233,铅钡,6.0,0.10909090909090909,0.3333333333333333,0,
234,铅钡,6.0,0.10909090909090909,0.3333333333333333,0,
235,铅钡,4.0,0.07272727272727272,0.2,0,
236,铅钡,5.0,0.09090909090909091,0.16666666666666666,0,
237,铅钡,3.0,0.05454545454545454,0.6666666666666666,0,
238,铅钡,5.0,0.09090909090909091,0.4,0,
239,铅钡,9.0,0.16363636363636364,0.2222222222222222,0,
240,铅钡,4.0,0.07272727272727272,0.2,0,
241,铅钡,4.0,0.07272727272727272,0.5,0,
242,铅钡,4.0,0.07272727272727272,0.5,0,
243,铅钡,5.0,0.09090909090909091,0.4,0,
244,铅钡,9.0,0.16363636363636364,0.2222222222222222,0,
245,铅钡,4.0,0.07272727272727272,0.5,0,
246,铅钡,2.0,0.03636363636363636,1.0,0,
247,铅钡,2.0,0.03636363636363636,1.0,0,
248,铅钡,7.0,0.12727272727272726,0.2857142857142857,0,
249,铅钡,6.0,0.10909090909090909,0.14285714285714285,0,
250,铅钡,3.0,0.05454545454545454,0.6666666666666666,0,
251,铅钡,6.0,0.10909090909090909,0.3333333333333333,0,
252,铅钡,4.0,0.07272727272727272,0.5,0,
253,铅钡,4.0,0.07272727272727272,0.5,0,
254,铅钡,5.0,0.09090909090909091,0.4,0,
255,铅钡,2.0,0.03636363636363636,1.0,0,
256,铅钡,5.0,0.09090909090909091,0.4,0,
257,铅钡,7.0,0.12727272727272726,0.2857142857142857,0,
258,铅钡,5.0,0.09090909090909091,0.4,0,
259,铅钡,7.0,0.12727272727272726,0.2857142857142857,0,
260,铅钡,7.0,0.12727272727272726,0.2857142857142857,0,
261,铅钡,4.0,0.07272727272727272,0.2,0,
262,铅钡,5.0,0.09090909090909091,0.4,0,
263,铅钡,6.0,0.10909090909090909,0.3333333333333333,0,
264,铅钡,2.0,0.03636363636363636,1.0,0,
265,铅钡,6.0,0.10909090909090909,0.3333333333333333,0,
266,铅钡,5.0,0.09090909090909091,0.4,0,
267,铅钡,7.0,0.12727272727272726,0.2857142857142857,0,
268,铅钡,7.0,0.12727272727272726,0.2857142857142857,0,
269,铅钡,5.0,0.09090909090909091,0.4,0,
270,铅钡,6.0,0.10909090909090909,0.3333333333333333,0,
271,铅钡,2.0,0.03636363636363636,1.0,0,
272,铅钡,9.0,0.16363636363636364,0.2222222222222222,0,
273,铅钡,6.0,0.10909090909090909,0.3333333333333333,0,
274,铅钡,4.0,0.07272727272727272,0.5,0,
275,铅钡,6.0,0.10909090909090909,0.3333333333333333,0,
276,铅钡,3.0,0.05454545454545454,0.25,0,
277,铅钡,7.0,0.12727272727272726,0.2857142857142857,0,
278,铅钡,4.0,0.07272727272727272,0.5,0,
279,铅钡,4.0,0.07272727272727272,0.5,0,
280,铅钡,7.0,0.12727272727272726,0.2857142857142857,0,
281,铅钡,6.0,0.10909090909090909,0.3333333333333333,0,
282,铅钡,5.0,0.09090909090909091,0.4,0,
283,铅钡,4.0,0.07272727272727272,0.5,0,
284,铅钡,8.0,0.14545454545454545,0.25,0,
285,铅钡,5.0,0.09090909090909091,0.16666666666666666,0,
286,铅钡,3.0,0.05454545454545454,0.6666666666666666,0,
287,铅钡,11.0,0.2,0.18181818181818182,0,
288,铅钡,7.0,0.12727272727272726,0.2857142857142857,0,
289,铅钡,2.0,0.03636363636363636,0.3333333333333333,0,
290,铅钡,3.0,0.05454545454545454,0.25,0,
291,铅钡,7.0,0.12727272727272726,0.2857142857142857,0,
292,铅钡,7.0,0.12727272727272726,0.2857142857142857,0,
293,铅钡,6.0,0.10909090909090909,0.3333333333333333,0,
294,铅钡,7.0,0.12727272727272726,0.2857142857142857,0,
295,铅钡,5.0,0.09090909090909091,0.16666666666666666,0,
296,铅钡,6.0,0.10909090909090909,0.3333333333333333,0,
297,铅钡,7.0,0.12727272727272726,0.2857142857142857,0,
298,铅钡,3.0,0.05454545454545454,0.6666666666666666,0,
299,铅钡,4.0,0.07272727272727272,0.5,0,
300,铅钡,4.0,0.07272727272727272,0.5,0,
301,铅钡,5.0,0.09090909090909091,0.4,0,
302,铅钡,2.0,0.03636363636363636,1.0,0,
303,铅钡,7.0,0.12727272727272726,0.2857142857142857,0,
304,铅钡,10.0,0.18181818181818182,0.2,0,
305,铅钡,8.0,0.14545454545454545,0.25,0,
306,铅钡,5.0,0.09090909090909091,0.4,0,
307,铅钡,4.0,0.07272727272727272,0.5,0,
308,铅钡,3.0,0.05454545454545454,0.25,0,
309,铅钡,4.0,0.07272727272727272,0.5,0,
310,铅钡,6.0,0.10909090909090909,0.3333333333333333,0,
311,铅钡,5.0,0.09090909090909091,0.4,0,
312,铅钡,4.0,0.07272727272727272,0.5,0,
313,铅钡,7.0,0.12727272727272726,0.2857142857142857,0,
314,铅钡,5.0,0.09090909090909091,0.4,0,
315,铅钡,6.0,0.10909090909090909,0.3333333333333333,0,
316,铅钡,4.0,0.07272727272727272,0.2,0,
317,铅钡,2.0,0.03636363636363636,1.0,0,
318,铅钡,4.0,0.07272727272727272,0.5,0,
319,铅钡,6.0,0.10909090909090909,0.3333333333333333,0,
320,铅钡,4.0,0.07272727272727272,0.5,0,
321,铅钡,6.0,0.10909090909090909,0.3333333333333333,0,
322,铅钡,7.0,0.12727272727272726,0.2857142857142857,0,
323,铅钡,4.0,0.07272727272727272,0.2,0,
324,铅钡,4.0,0.07272727272727272,0.5,0,
325,铅钡,7.0,0.12727272727272726,0.2857142857142857,0,
326,铅钡,4.0,0.07272727272727272,0.5,0,
327,铅钡,4.0,0.07272727272727272,0.5,0,
328,铅钡,7.0,0.12727272727272726,0.2857142857142857,0,
329,铅钡,5.0,0.09090909090909091,0.16666666666666666,0,
330,铅钡,3.0,0.05454545454545454,0.25,0,
331,铅钡,5.0,0.09090909090909091,0.4,0,
332,铅钡,6.0,0.10909090909090909,0.3333333333333333,0,
333,铅钡,6.0,0.10909090909090909,0.3333333333333333,0,
334,铅钡,8.0,0.14545454545454545,0.25,0,
335,铅钡,4.0,0.07272727272727272,0.5,0,
336,铅钡,5.0,0.09090909090909091,0.4,0,
337,铅钡,9.0,0.16363636363636364,0.2222222222222222,0,
338,铅钡,5.0,0.09090909090909091,0.4,0,
339,铅钡,3.0,0.05454545454545454,0.25,0,
340,铅钡,7.0,0.12727272727272726,0.2857142857142857,0,
341,铅钡,8.0,0.14545454545454545,0.25,0,
342,铅钡,5.0,0.09090909090909091,0.4,0,
343,铅钡,5.0,0.09090909090909091,0.4,0,
344,铅钡,6.0,0.10909090909090909,0.3333333333333333,0,
345,铅钡,5.0,0.09090909090909091,0.4,0,
346,铅钡,4.0,0.07272727272727272,0.5,0,
347,铅钡,4.0,0.07272727272727272,0.2,0,
348,铅钡,3.0,0.05454545454545454,0.6666666666666666,0,
349,铅钡,3.0,0.05454545454545454,0.6666666666666666,0,
350,铅钡,7.0,0.12727272727272726,0.2857142857142857,0,
351,铅钡,7.0,0.12727272727272726,0.2857142857142857,0,
352,铅钡,3.0,0.05454545454545454,0.6666666666666666,0,
353,铅钡,7.0,0.12727272727272726,0.2857142857142857,0,
354,铅钡,6.0,0.10909090909090909,0.3333333333333333,0,
355,铅钡,8.0,0.14545454545454545,0.25,0,
356,铅钡,5.0,0.09090909090909091,0.4,0,
357,铅钡,6.0,0.10909090909090909,0.3333333333333333,0,
358,铅钡,4.0,0.07272727272727272,0.5,0,
359,铅钡,7.0,0.12727272727272726,0.2857142857142857,0,
360,铅钡,4.0,0.07272727272727272,0.5,0,
361,铅钡,6.0,0.10909090909090909,0.3333333333333333,0,
362,铅钡,9.0,0.16363636363636364,0.2222222222222222,0,
363,铅钡,5.0,0.09090909090909091,0.4,0,
364,铅钡,5.0,0.09090909090909091,0.4,0,
365,铅钡,7.0,0.12727272727272726,0.125,0,
366,铅钡,4.0,0.07272727272727272,0.5,0,
367,铅钡,6.0,0.10909090909090909,0.3333333333333333,0,
368,铅钡,9.0,0.16363636363636364,0.2222222222222222,0,
369,铅钡,6.0,0.10909090909090909,0.3333333333333333,0,
370,铅钡,12.0,0.21818181818181817,0.16666666666666666,0,
371,铅钡,3.0,0.05454545454545454,0.6666666666666666,0,
372,铅钡,5.0,0.09090909090909091,0.4,0,
373,铅钡,6.0,0.10909090909090909,0.3333333333333333,0,
374,铅钡,9.0,0.16363636363636364,0.2222222222222222,0,
375,铅钡,3.0,0.05454545454545454,0.6666666666666666,0,
376,铅钡,9.0,0.16363636363636364,0.2222222222222222,0,
377,铅钡,4.0,0.07272727272727272,0.5,0,
378,铅钡,6.0,0.10909090909090909,0.3333333333333333,0,
379,铅钡,5.0,0.09090909090909091,0.4,0,
380,铅钡,9.0,0.16363636363636364,0.2222222222222222,0,
381,铅钡,5.0,0.09090909090909091,0.4,0,
382,铅钡,2.0,0.03636363636363636,1.0,0,
383,铅钡,10.0,0.18181818181818182,0.2,0,
384,铅钡,9.0,0.16363636363636364,0.2222222222222222,0,
385,铅钡,6.0,0.10909090909090909,0.3333333333333333,0,
386,铅钡,6.0,0.10909090909090909,0.3333333333333333,0,
387,铅钡,7.0,0.12727272727272726,0.2857142857142857,0,
388,铅钡,5.0,0.09090909090909091,0.16666666666666666,0,
389,铅钡,4.0,0.07272727272727272,0.5,0,
390,铅钡,4.0,0.07272727272727272,0.5,0,
391,铅钡,8.0,0.14545454545454545,0.25,0,
392,铅钡,6.0,0.10909090909090909,0.3333333333333333,0,
393,铅钡,3.0,0.05454545454545454,0.6666666666666666,0,
394,铅钡,3.0,0.05454545454545454,0.6666666666666666,0,
395,铅钡,5.0,0.09090909090909091,0.4,0,
396,铅钡,7.0,0.12727272727272726,0.2857142857142857,0,
397,铅钡,7.0,0.12727272727272726,0.2857142857142857,0,
398,铅钡,7.0,0.12727272727272726,0.2857142857142857,0,
399,铅钡,4.0,0.07272727272727272,0.5,0,
400,铅钡,9.0,0.16363636363636364,0.2222222222222222,0,
401,铅钡,2.0,0.03636363636363636,1.0,0,
402,铅钡,6.0,0.10909090909090909,0.3333333333333333,0,
403,铅钡,5.0,0.09090909090909091,0.4,0,
404,铅钡,4.0,0.07272727272727272,0.5,0,
405,铅钡,3.0,0.05454545454545454,0.6666666666666666,0,
406,铅钡,5.0,0.09090909090909091,0.16666666666666666,0,
407,铅钡,10.0,0.18181818181818182,0.2,0,
408,铅钡,5.0,0.09090909090909091,0.4,0,
409,铅钡,7.0,0.12727272727272726,0.2857142857142857,0,
410,铅钡,4.0,0.07272727272727272,0.5,0,
411,铅钡,7.0,0.12727272727272726,0.2857142857142857,0,
412,铅钡,2.0,0.03636363636363636,1.0,0,
413,铅钡,7.0,0.12727272727272726,0.2857142857142857,0,
414,铅钡,8.0,0.14545454545454545,0.25,0,
415,铅钡,4.0,0.07272727272727272,0.5,0,
416,铅钡,7.0,0.12727272727272726,0.2857142857142857,0,
417,铅钡,5.0,0.09090909090909091,0.4,0,
418,铅钡,7.0,0.12727272727272726,0.2857142857142857,0,
419,铅钡,5.0,0.09090909090909091,0.4,0,
420,铅钡,3.0,0.05454545454545454,0.6666666666666666,0,
421,铅钡,5.0,0.09090909090909091,0.4,0,
422,铅钡,8.0,0.14545454545454545,0.25,0,
423,铅钡,6.0,0.10909090909090909,0.14285714285714285,0,
424,铅钡,6.0,0.10909090909090909,0.3333333333333333,0,
425,铅钡,7.0,0.12727272727272726,0.125,0,
426,铅钡,6.0,0.10909090909090909,0.3333333333333333,0,
427,铅钡,7.0,0.12727272727272726,0.2857142857142857,0,
428,铅钡,4.0,0.07272727272727272,0.5,0,
429,铅钡,7.0,0.12727272727272726,0.125,0,
430,铅钡,7.0,0.12727272727272726,0.2857142857142857,0,
431,铅钡,6.0,0.10909090909090909,0.3333333333333333,0,
432,铅钡,5.0,0.09090909090909091,0.4,0,
433,铅钡,6.0,0.10909090909090909,0.3333333333333333,0,
434,铅钡,9.0,0.16363636363636364,0.2222222222222222,0,
435,铅钡,7.0,0.12727272727272726,0.2857142857142857,0,
436,铅钡,6.0,0.10909090909090909,0.3333333333333333,0,
437,铅钡,5.0,0.09090909090909091,0.4,0,
438,铅钡,6.0,0.10909090909090909,0.3333333333333333,0,
439,铅钡,5.0,0.09090909090909091,0.16666666666666666,0,
440,铅钡,5.0,0.09090909090909091,0.4,0,
441,铅钡,7.0,0.12727272727272726,0.2857142857142857,0,
442,铅钡,9.0,0.16363636363636364,0.2222222222222222,0,
443,铅钡,7.0,0.12727272727272726,0.2857142857142857,0,
444,铅钡,7.0,0.12727272727272726,0.2857142857142857,0,
445,铅钡,5.0,0.09090909090909091,0.16666666666666666,0,
446,铅钡,5.0,0.09090909090909091,0.4,0,
447,铅钡,11.0,0.2,0.18181818181818182,0,
448,铅钡,6.0,0.10909090909090909,0.3333333333333333,0,
449,铅钡,4.0,0.07272727272727272,0.5,0,
450,铅钡,3.0,0.05454545454545454,0.6666666666666666,0,
451,铅钡,6.0,0.10909090909090909,0.3333333333333333,0,
452,铅钡,10.0,0.18181818181818182,0.2,0,
453,铅钡,6.0,0.10909090909090909,0.3333333333333333,0,
454,铅钡,7.0,0.12727272727272726,0.2857142857142857,0,
455,铅钡,7.0,0.12727272727272726,0.2857142857142857,0,
456,铅钡,6.0,0.10909090909090909,0.3333333333333333,0,
457,铅钡,3.0,0.05454545454545454,0.25,0,
458,铅钡,8.0,0.14545454545454545,0.25,0,
459,铅钡,4.0,0.07272727272727272,0.5,0,
460,铅钡,7.0,0.12727272727272726,0.2857142857142857,0,
461,铅钡,6.0,0.10909090909090909,0.14285714285714285,0,
462,铅钡,5.0,0.09090909090909091,0.4,0,
463,铅钡,7.0,0.12727272727272726,0.2857142857142857,0,
464,铅钡,6.0,0.10909090909090909,0.3333333333333333,0,
465,铅钡,8.0,0.14545454545454545,0.1111111111111111,0,
466,铅钡,4.0,0.07272727272727272,0.5,0,
467,铅钡,4.0,0.07272727272727272,0.5,0,
468,铅钡,3.0,0.05454545454545454,0.6666666666666666,0,
469,铅钡,3.0,0.05454545454545454,0.6666666666666666,0,
470,铅钡,8.0,0.14545454545454545,0.25,0,
471,铅钡,5.0,0.09090909090909091,0.4,0,
472,铅钡,6.0,0.10909090909090909,0.3333333333333333,0,
473,铅钡,9.0,0.16363636363636364,0.2222222222222222,0,
474,铅钡,2.0,0.03636363636363636,1.0,0,
475,铅钡,4.0,0.07272727272727272,0.5,0,
476,铅钡,4.0,0.07272727272727272,0.5,0,
477,铅钡,10.0,0.18181818181818182,0.2,0,
478,铅钡,5.0,0.09090909090909091,0.4,0,
479,铅钡,9.0,0.16363636363636364,0.2222222222222222,0,
480,铅钡,4.0,0.07272727272727272,0.5,0,
481,铅钡,4.0,0.07272727272727272,0.5,0,
482,铅钡,4.0,0.07272727272727272,0.5,0,
483,铅钡,5.0,0.09090909090909091,0.4,0,
484,铅钡,7.0,0.12727272727272726,0.2857142857142857,0,
485,铅钡,6.0,0.10909090909090909,0.3333333333333333,0,
486,铅钡,7.0,0.12727272727272726,0.2857142857142857,0,
487,铅钡,3.0,0.05454545454545454,0.6666666666666666,0,
488,铅钡,4.0,0.07272727272727272,0.5,0,
489,铅钡,3.0,0.05454545454545454,0.6666666666666666,0,
490,铅钡,4.0,0.07272727272727272,0.5,0,
491,铅钡,7.0,0.12727272727272726,0.2857142857142857,0,
492,铅钡,4.0,0.07272727272727272,0.5,0,
493,铅钡,3.0,0.05454545454545454,0.6666666666666666,0,
494,铅钡,4.0,0.07272727272727272,0.5,0,
495,铅钡,3.0,0.05454545454545454,0.6666666666666666,0,
496,铅钡,11.0,0.2,0.18181818181818182,0,
497,铅钡,6.0,0.10909090909090909,0.3333333333333333,0,
498,铅钡,9.0,0.16363636363636364,0.2222222222222222,0,
499,铅钡,4.0,0.07272727272727272,0.5,0,
500,铅钡,4.0,0.07272727272727272,0.5,0,
501,铅钡,4.0,0.07272727272727272,0.5,0,
502,铅钡,10.0,0.18181818181818182,0.2,0,
503,铅钡,3.0,0.05454545454545454,0.6666666666666666,0,
504,铅钡,5.0,0.09090909090909091,0.4,0,
505,铅钡,9.0,0.16363636363636364,0.2222222222222222,0,
506,铅钡,6.0,0.10909090909090909,0.3333333333333333,0,
507,铅钡,6.0,0.10909090909090909,0.3333333333333333,0,
508,铅钡,5.0,0.09090909090909091,0.16666666666666666,0,
509,铅钡,5.0,0.09090909090909091,0.4,0,
510,铅钡,6.0,0.10909090909090909,0.3333333333333333,0,
511,铅钡,6.0,0.10909090909090909,0.3333333333333333,0,
512,铅钡,7.0,0.12727272727272726,0.2857142857142857,0,
513,铅钡,5.0,0.09090909090909091,0.4,0,
514,铅钡,5.0,0.09090909090909091,0.4,0,
515,铅钡,3.0,0.05454545454545454,0.6666666666666666,0,
516,铅钡,7.0,0.12727272727272726,0.2857142857142857,0,
517,铅钡,8.0,0.14545454545454545,0.25,0,
518,铅钡,5.0,0.09090909090909091,0.4,0,
519,铅钡,6.0,0.10909090909090909,0.3333333333333333,0,
520,铅钡,6.0,0.10909090909090909,0.3333333333333333,0,
521,铅钡,10.0,0.18181818181818182,0.2,0,
522,铅钡,4.0,0.07272727272727272,0.5,0,
523,铅钡,10.0,0.18181818181818182,0.2,0,
524,铅钡,4.0,0.07272727272727272,0.5,0,
525,铅钡,4.0,0.07272727272727272,0.5,0,
526,铅钡,4.0,0.07272727272727272,0.2,0,
527,铅钡,8.0,0.14545454545454545,0.25,0,
528,铅钡,11.0,0.2,0.18181818181818182,0,
529,铅钡,6.0,0.10909090909090909,0.3333333333333333,0,
530,铅钡,6.0,0.10909090909090909,0.3333333333333333,0,
531,铅钡,5.0,0.09090909090909091,0.4,0,
532,铅钡,5.0,0.09090909090909091,0.4,0,
533,铅钡,6.0,0.10909090909090909,0.3333333333333333,0,
534,铅钡,3.0,0.05454545454545454,0.6666666666666666,0,
535,铅钡,8.0,0.14545454545454545,0.25,0,
536,铅钡,3.0,0.05454545454545454,0.25,0,
537,铅钡,5.0,0.09090909090909091,0.4,0,
538,铅钡,8.0,0.14545454545454545,0.25,0,
539,铅钡,7.0,0.12727272727272726,0.2857142857142857,0,
540,铅钡,9.0,0.16363636363636364,0.2222222222222222,0,
541,铅钡,6.0,0.10909090909090909,0.3333333333333333,0,
542,铅钡,6.0,0.10909090909090909,0.14285714285714285,0,
543,铅钡,4.0,0.07272727272727272,0.5,0,
544,铅钡,5.0,0.09090909090909091,0.4,0,
545,铅钡,6.0,0.10909090909090909,0.3333333333333333,0,
546,铅钡,3.0,0.05454545454545454,0.6666666666666666,0,
547,铅钡,7.0,0.12727272727272726,0.2857142857142857,0,
548,铅钡,3.0,0.05454545454545454,0.6666666666666666,0,
549,铅钡,3.0,0.05454545454545454,0.6666666666666666,0,
550,铅钡,7.0,0.12727272727272726,0.2857142857142857,0,
551,铅钡,4.0,0.07272727272727272,0.5,0,
552,铅钡,9.0,0.16363636363636364,0.2222222222222222,0,
553,铅钡,5.0,0.09090909090909091,0.4,0,
554,铅钡,4.0,0.07272727272727272,0.2,0,
555,铅钡,4.0,0.07272727272727272,0.5,0,
556,铅钡,4.0,0.07272727272727272,0.5,0,
557,铅钡,5.0,0.09090909090909091,0.4,0,
558,铅钡,4.0,0.07272727272727272,0.5,0,
559,铅钡,3.0,0.05454545454545454,0.6666666666666666,0,
560,铅钡,7.0,0.12727272727272726,0.2857142857142857,0,
561,铅钡,6.0,0.10909090909090909,0.3333333333333333,0,
562,铅钡,2.0,0.03636363636363636,1.0,0,
563,铅钡,5.0,0.09090909090909091,0.4,0,
564,铅钡,4.0,0.07272727272727272,0.5,0,
565,铅钡,7.0,0.12727272727272726,0.2857142857142857,0,
566,铅钡,6.0,0.10909090909090909,0.3333333333333333,0,
567,铅钡,3.0,0.05454545454545454,0.6666666666666666,0,
568,铅钡,3.0,0.05454545454545454,0.6666666666666666,0,
569,铅钡,5.0,0.09090909090909091,0.4,0,
570,铅钡,10.0,0.18181818181818182,0.2,0,
571,铅钡,6.0,0.10909090909090909,0.3333333333333333,0,
572,铅钡,4.0,0.07272727272727272,0.5,0,
573,铅钡,4.0,0.07272727272727272,0.5,0,
574,铅钡,8.0,0.14545454545454545,0.25,0,
575,铅钡,5.0,0.09090909090909091,0.4,0,
576,铅钡,4.0,0.07272727272727272,0.5,0,
577,铅钡,3.0,0.05454545454545454,0.6666666666666666,0,
578,铅钡,4.0,0.07272727272727272,0.5,0,
579,铅钡,7.0,0.12727272727272726,0.2857142857142857,0,
580,铅钡,5.0,0.09090909090909091,0.4,0,
581,铅钡,5.0,0.09090909090909091,0.4,0,
582,铅钡,5.0,0.09090909090909091,0.4,0,
583,铅钡,5.0,0.09090909090909091,0.16666666666666666,0,
584,铅钡,4.0,0.07272727272727272,0.5,0,
585,铅钡,4.0,0.07272727272727272,0.5,0,
586,铅钡,9.0,0.16363636363636364,0.2222222222222222,0,
587,铅钡,6.0,0.10909090909090909,0.3333333333333333,0,
588,铅钡,5.0,0.09090909090909091,0.4,0,
589,铅钡,4.0,0.07272727272727272,0.5,0,
590,铅钡,5.0,0.09090909090909091,0.4,0,
591,铅钡,3.0,0.05454545454545454,0.6666666666666666,0,
592,铅钡,5.0,0.09090909090909091,0.4,0,
593,铅钡,5.0,0.09090909090909091,0.16666666666666666,0,
594,铅钡,6.0,0.10909090909090909,0.3333333333333333,0,
595,铅钡,4.0,0.07272727272727272,0.5,0,
596,铅钡,4.0,0.07272727272727272,0.5,0,
597,铅钡,3.0,0.05454545454545454,0.6666666666666666,0,
598,铅钡,7.0,0.12727272727272726,0.2857142857142857,0,
599,铅钡,4.0,0.07272727272727272,0.5,0,
600,铅钡,5.0,0.09090909090909091,0.4,0,
601,铅钡,4.0,0.07272727272727272,0.5,0,
602,铅钡,6.0,0.10909090909090909,0.3333333333333333,0,
603,铅钡,5.0,0.09090909090909091,0.4,0,
604,铅钡,3.0,0.05454545454545454,0.6666666666666666,0,
605,铅钡,10.0,0.18181818181818182,0.2,0,
606,铅钡,8.0,0.14545454545454545,0.25,0,
607,铅钡,10.0,0.18181818181818182,0.2,0,
608,铅钡,8.0,0.14545454545454545,0.1111111111111111,0,
609,铅钡,7.0,0.12727272727272726,0.2857142857142857,0,
610,铅钡,7.0,0.12727272727272726,0.2857142857142857,0,
611,铅钡,8.0,0.14545454545454545,0.25,0,
612,铅钡,6.0,0.10909090909090909,0.3333333333333333,0,
613,铅钡,12.0,0.21818181818181817,0.16666666666666666,0,
614,铅钡,6.0,0.10909090909090909,0.3333333333333333,0,
615,铅钡,5.0,0.09090909090909091,0.4,0,
616,铅钡,6.0,0.10909090909090909,0.3333333333333333,0,
617,铅钡,4.0,0.07272727272727272,0.5,0,
618,铅钡,6.0,0.10909090909090909,0.3333333333333333,0,
619,铅钡,5.0,0.09090909090909091,0.16666666666666666,0,
620,铅钡,9.0,0.16363636363636364,0.2222222222222222,0,
621,铅钡,4.0,0.07272727272727272,0.5,0,
622,铅钡,4.0,0.07272727272727272,0.5,0,
623,铅钡,9.0,0.16363636363636364,0.2222222222222222,0,
624,铅钡,7.0,0.12727272727272726,0.2857142857142857,0,
625,铅钡,6.0,0.10909090909090909,0.3333333333333333,0,
626,铅钡,4.0,0.07272727272727272,0.5,0,
627,铅钡,5.0,0.09090909090909091,0.4,0,
628,铅钡,3.0,0.05454545454545454,0.6666666666666666,0,
629,铅钡,9.0,0.16363636363636364,0.2222222222222222,0,
630,铅钡,4.0,0.07272727272727272,0.5,0,
631,铅钡,5.0,0.09090909090909091,0.4,0,
632,铅钡,7.0,0.12727272727272726,0.2857142857142857,0,
633,铅钡,4.0,0.07272727272727272,0.5,0,
634,铅钡,5.0,0.09090909090909091,0.4,0,
635,铅钡,5.0,0.09090909090909091,0.4,0,
636,铅钡,8.0,0.14545454545454545,0.25,0,
637,铅钡,4.0,0.07272727272727272,0.5,0,
638,铅钡,5.0,0.09090909090909091,0.4,0,
639,铅钡,4.0,0.07272727272727272,0.5,0,
640,铅钡,5.0,0.09090909090909091,0.4,0,
641,铅钡,9.0,0.16363636363636364,0.2222222222222222,0,
642,铅钡,5.0,0.09090909090909091,0.4,0,
643,铅钡,4.0,0.07272727272727272,0.5,0,
644,铅钡,7.0,0.12727272727272726,0.2857142857142857,0,
645,铅钡,6.0,0.10909090909090909,0.3333333333333333,0,
646,铅钡,3.0,0.05454545454545454,0.6666666666666666,0,
647,铅钡,4.0,0.07272727272727272,0.5,0,
648,铅钡,8.0,0.14545454545454545,0.25,0,
649,铅钡,6.0,0.10909090909090909,0.3333333333333333,0,
650,铅钡,7.0,0.12727272727272726,0.2857142857142857,0,
651,铅钡,4.0,0.07272727272727272,0.5,0,
652,铅钡,2.0,0.03636363636363636,0.3333333333333333,0,
653,铅钡,5.0,0.09090909090909091,0.4,0,
654,铅钡,7.0,0.12727272727272726,0.2857142857142857,0,
655,铅钡,5.0,0.09090909090909091,0.4,0,
656,铅钡,4.0,0.07272727272727272,0.5,0,
657,铅钡,7.0,0.12727272727272726,0.2857142857142857,0,
658,铅钡,4.0,0.07272727272727272,0.5,0,
659,铅钡,9.0,0.16363636363636364,0.2222222222222222,0,
660,铅钡,5.0,0.09090909090909091,0.4,0,
661,铅钡,8.0,0.14545454545454545,0.25,0,
662,铅钡,5.0,0.09090909090909091,0.4,0,
663,铅钡,7.0,0.12727272727272726,0.2857142857142857,0,
664,铅钡,8.0,0.14545454545454545,0.25,0,
665,铅钡,6.0,0.10909090909090909,0.3333333333333333,0,
666,铅钡,6.0,0.10909090909090909,0.3333333333333333,0,
667,铅钡,7.0,0.12727272727272726,0.2857142857142857,0,
668,铅钡,8.0,0.14545454545454545,0.25,0,
669,铅钡,8.0,0.14545454545454545,0.25,0,
670,铅钡,6.0,0.10909090909090909,0.3333333333333333,0,
671,铅钡,5.0,0.09090909090909091,0.4,0,
672,铅钡,5.0,0.09090909090909091,0.4,0,
673,铅钡,5.0,0.09090909090909091,0.4,0,
674,铅钡,10.0,0.18181818181818182,0.09090909090909091,0,
675,铅钡,5.0,0.09090909090909091,0.4,0,
676,铅钡,6.0,0.10909090909090909,0.3333333333333333,0,
677,铅钡,3.0,0.05454545454545454,0.6666666666666666,0,
678,铅钡,7.0,0.12727272727272726,0.2857142857142857,0,
679,铅钡,7.0,0.12727272727272726,0.2857142857142857,0,
680,铅钡,7.0,0.12727272727272726,0.2857142857142857,0,
681,铅钡,6.0,0.10909090909090909,0.3333333333333333,0,
682,铅钡,4.0,0.07272727272727272,0.5,0,
683,铅钡,3.0,0.05454545454545454,0.6666666666666666,0,
684,铅钡,7.0,0.12727272727272726,0.2857142857142857,0,
685,铅钡,6.0,0.10909090909090909,0.3333333333333333,0,
686,铅钡,3.0,0.05454545454545454,0.25,0,
687,铅钡,5.0,0.09090909090909091,0.4,0,
688,铅钡,4.0,0.07272727272727272,0.5,0,
689,铅钡,4.0,0.07272727272727272,0.5,0,
690,铅钡,6.0,0.10909090909090909,0.3333333333333333,0,
691,铅钡,3.0,0.05454545454545454,0.6666666666666666,0,
692,铅钡,6.0,0.10909090909090909,0.3333333333333333,0,
693,铅钡,8.0,0.14545454545454545,0.1111111111111111,0,
694,铅钡,6.0,0.10909090909090909,0.3333333333333333,0,
695,铅钡,5.0,0.09090909090909091,0.16666666666666666,0,
696,铅钡,6.0,0.10909090909090909,0.3333333333333333,0,
697,铅钡,6.0,0.10909090909090909,0.3333333333333333,0,
698,铅钡,6.0,0.10909090909090909,0.3333333333333333,0,
699,铅钡,2.0,0.03636363636363636,1.0,0,
700,铅钡,6.0,0.10909090909090909,0.3333333333333333,0,
701,铅钡,6.0,0.10909090909090909,0.3333333333333333,0,
702,铅钡,11.0,0.2,0.18181818181818182,0,
703,铅钡,6.0,0.10909090909090909,0.3333333333333333,0,
704,铅钡,8.0,0.14545454545454545,0.25,0,
705,铅钡,5.0,0.09090909090909091,0.4,0,
706,铅钡,5.0,0.09090909090909091,0.4,0,
707,铅钡,6.0,0.10909090909090909,0.14285714285714285,0,
708,铅钡,4.0,0.07272727272727272,0.5,0,
709,铅钡,5.0,0.09090909090909091,0.16666666666666666,0,
710,铅钡,8.0,0.14545454545454545,0.25,0,
711,铅钡,5.0,0.09090909090909091,0.4,0,
712,铅钡,7.0,0.12727272727272726,0.2857142857142857,0,
713,铅钡,5.0,0.09090909090909091,0.4,0,
714,铅钡,7.0,0.12727272727272726,0.2857142857142857,0,
715,铅钡,6.0,0.10909090909090909,0.3333333333333333,0,
716,铅钡,5.0,0.09090909090909091,0.4,0,
717,铅钡,4.0,0.07272727272727272,0.5,0,
718,铅钡,7.0,0.12727272727272726,0.125,0,
719,铅钡,6.0,0.10909090909090909,0.3333333333333333,0,
720,铅钡,3.0,0.05454545454545454,0.25,0,
721,铅钡,6.0,0.10909090909090909,0.3333333333333333,0,
722,铅钡,8.0,0.14545454545454545,0.25,0,
723,铅钡,5.0,0.09090909090909091,0.4,0,
724,铅钡,9.0,0.16363636363636364,0.2222222222222222,0,
725,铅钡,6.0,0.10909090909090909,0.3333333333333333,0,
726,铅钡,7.0,0.12727272727272726,0.2857142857142857,0,
727,铅钡,6.0,0.10909090909090909,0.3333333333333333,0,
728,铅钡,4.0,0.07272727272727272,0.2,0,
729,铅钡,7.0,0.12727272727272726,0.2857142857142857,0,
730,铅钡,4.0,0.07272727272727272,0.5,0,
731,铅钡,5.0,0.09090909090909091,0.4,0,
732,铅钡,9.0,0.16363636363636364,0.2222222222222222,0,
733,铅钡,4.0,0.07272727272727272,0.5,0,
734,铅钡,6.0,0.10909090909090909,0.3333333333333333,0,
735,铅钡,3.0,0.05454545454545454,0.6666666666666666,0,
736,铅钡,2.0,0.03636363636363636,1.0,0,
737,铅钡,5.0,0.09090909090909091,0.4,0,
738,铅钡,9.0,0.16363636363636364,0.2222222222222222,0,
739,铅钡,6.0,0.10909090909090909,0.3333333333333333,0,
740,铅钡,7.0,0.12727272727272726,0.125,0,
741,铅钡,7.0,0.12727272727272726,0.2857142857142857,0,
742,铅钡,6.0,0.10909090909090909,0.3333333333333333,0,
743,铅钡,5.0,0.09090909090909091,0.4,0,
744,铅钡,6.0,0.10909090909090909,0.3333333333333333,0,
745,铅钡,3.0,0.05454545454545454,0.6666666666666666,0,
746,铅钡,4.0,0.07272727272727272,0.5,0,
747,铅钡,6.0,0.10909090909090909,0.3333333333333333,0,
748,铅钡,5.0,0.09090909090909091,0.4,0,
749,铅钡,4.0,0.07272727272727272,0.2,0,
750,铅钡,5.0,0.09090909090909091,0.4,0,
751,铅钡,5.0,0.09090909090909091,0.4,0,
752,铅钡,8.0,0.14545454545454545,0.25,0,
753,铅钡,6.0,0.10909090909090909,0.3333333333333333,0,
754,铅钡,7.0,0.12727272727272726,0.2857142857142857,0,
755,铅钡,4.0,0.07272727272727272,0.5,0,
756,铅钡,4.0,0.07272727272727272,0.5,0,
757,铅钡,7.0,0.12727272727272726,0.2857142857142857,0,
758,铅钡,4.0,0.07272727272727272,0.5,0,
759,铅钡,5.0,0.09090909090909091,0.16666666666666666,0,
760,铅钡,7.0,0.12727272727272726,0.2857142857142857,0,
761,铅钡,4.0,0.07272727272727272,0.5,0,
762,铅钡,11.0,0.2,0.18181818181818182,0,
763,铅钡,5.0,0.09090909090909091,0.4,0,
764,铅钡,5.0,0.09090909090909091,0.4,0,
765,铅钡,7.0,0.12727272727272726,0.2857142857142857,0,
766,铅钡,5.0,0.09090909090909091,0.4,0,
767,铅钡,4.0,0.07272727272727272,0.5,0,
768,铅钡,6.0,0.10909090909090909,0.14285714285714285,0,
769,铅钡,4.0,0.07272727272727272,0.5,0,
770,铅钡,5.0,0.09090909090909091,0.4,0,
771,铅钡,4.0,0.07272727272727272,0.5,0,
772,铅钡,5.0,0.09090909090909091,0.4,0,
773,铅钡,8.0,0.14545454545454545,0.25,0,
774,铅钡,7.0,0.12727272727272726,0.125,0,
775,铅钡,3.0,0.05454545454545454,0.6666666666666666,0,
776,铅钡,5.0,0.09090909090909091,0.4,0,
777,铅钡,7.0,0.12727272727272726,0.2857142857142857,0,
778,铅钡,4.0,0.07272727272727272,0.5,0,
779,铅钡,6.0,0.10909090909090909,0.3333333333333333,0,
780,铅钡,4.0,0.07272727272727272,0.5,0,
781,铅钡,4.0,0.07272727272727272,0.5,0,
782,铅钡,7.0,0.12727272727272726,0.2857142857142857,0,
783,铅钡,6.0,0.10909090909090909,0.14285714285714285,0,
784,铅钡,5.0,0.09090909090909091,0.4,0,
785,铅钡,7.0,0.12727272727272726,0.2857142857142857,0,
786,铅钡,6.0,0.10909090909090909,0.3333333333333333,0,
787,铅钡,3.0,0.05454545454545454,0.6666666666666666,0,
788,铅钡,3.0,0.05454545454545454,0.6666666666666666,0,
789,铅钡,7.0,0.12727272727272726,0.125,0,
790,铅钡,7.0,0.12727272727272726,0.2857142857142857,0,
791,铅钡,7.0,0.12727272727272726,0.2857142857142857,0,
792,铅钡,3.0,0.05454545454545454,0.6666666666666666,0,
793,铅钡,8.0,0.14545454545454545,0.25,0,
794,铅钡,6.0,0.10909090909090909,0.3333333333333333,0,
795,铅钡,6.0,0.10909090909090909,0.3333333333333333,0,
796,铅钡,4.0,0.07272727272727272,0.5,0,
797,铅钡,7.0,0.12727272727272726,0.2857142857142857,0,
798,铅钡,6.0,0.10909090909090909,0.3333333333333333,0,
799,铅钡,4.0,0.07272727272727272,0.5,0,
800,铅钡,9.0,0.16363636363636364,0.2222222222222222,0,
801,铅钡,5.0,0.09090909090909091,0.4,0,
802,铅钡,9.0,0.16363636363636364,0.2222222222222222,0,
803,铅钡,6.0,0.10909090909090909,0.3333333333333333,0,
804,铅钡,4.0,0.07272727272727272,0.5,0,
805,铅钡,4.0,0.07272727272727272,0.5,0,
806,铅钡,5.0,0.09090909090909091,0.4,0,
807,铅钡,5.0,0.09090909090909091,0.4,0,
808,铅钡,4.0,0.07272727272727272,0.5,0,
809,铅钡,6.0,0.10909090909090909,0.3333333333333333,0,
810,铅钡,3.0,0.05454545454545454,0.6666666666666666,0,
811,铅钡,4.0,0.07272727272727272,0.5,0,
812,铅钡,6.0,0.10909090909090909,0.3333333333333333,0,
813,铅钡,8.0,0.14545454545454545,0.25,0,
814,铅钡,8.0,0.14545454545454545,0.25,0,
815,铅钡,3.0,0.05454545454545454,0.25,0,
816,铅钡,5.0,0.09090909090909091,0.4,0,
817,铅钡,6.0,0.10909090909090909,0.3333333333333333,0,
818,铅钡,7.0,0.12727272727272726,0.2857142857142857,0,
819,铅钡,4.0,0.07272727272727272,0.5,0,
820,铅钡,8.0,0.14545454545454545,0.25,0,
821,铅钡,2.0,0.03636363636363636,1.0,0,
822,铅钡,6.0,0.10909090909090909,0.3333333333333333,0,
823,铅钡,8.0,0.14545454545454545,0.1111111111111111,0,
824,铅钡,5.0,0.09090909090909091,0.4,0,
825,铅钡,2.0,0.03636363636363636,0.3333333333333333,0,
826,铅钡,7.0,0.12727272727272726,0.2857142857142857,0,
827,铅钡,6.0,0.10909090909090909,0.14285714285714285,0,
828,铅钡,3.0,0.05454545454545454,0.25,0,
829,铅钡,7.0,0.12727272727272726,0.2857142857142857,0,
830,铅钡,7.0,0.12727272727272726,0.2857142857142857,0,
831,铅钡,5.0,0.09090909090909091,0.4,0,
832,铅钡,3.0,0.05454545454545454,0.6666666666666666,0,
833,铅钡,6.0,0.10909090909090909,0.3333333333333333,0,
834,铅钡,4.0,0.07272727272727272,0.5,0,
835,铅钡,8.0,0.14545454545454545,0.25,0,
836,铅钡,4.0,0.07272727272727272,0.5,0,
837,铅钡,7.0,0.12727272727272726,0.2857142857142857,0,
838,铅钡,7.0,0.12727272727272726,0.2857142857142857,0,
839,铅钡,5.0,0.09090909090909091,0.4,0,
840,铅钡,4.0,0.07272727272727272,0.5,0,
841,铅钡,6.0,0.10909090909090909,0.14285714285714285,0,
842,铅钡,5.0,0.09090909090909091,0.4,0,
843,铅钡,6.0,0.10909090909090909,0.3333333333333333,0,
844,铅钡,4.0,0.07272727272727272,0.5,0,
845,铅钡,3.0,0.05454545454545454,0.25,0,
846,铅钡,3.0,0.05454545454545454,0.6666666666666666,0,
847,铅钡,8.0,0.14545454545454545,0.25,0,
848,铅钡,2.0,0.03636363636363636,0.3333333333333333,0,
849,铅钡,7.0,0.12727272727272726,0.2857142857142857,0,
850,铅钡,6.0,0.10909090909090909,0.3333333333333333,0,
851,铅钡,7.0,0.12727272727272726,0.2857142857142857,0,
852,铅钡,8.0,0.14545454545454545,0.25,0,
853,铅钡,6.0,0.10909090909090909,0.3333333333333333,0,
854,铅钡,4.0,0.07272727272727272,0.5,0,
855,铅钡,3.0,0.05454545454545454,0.6666666666666666,0,
856,铅钡,3.0,0.05454545454545454,0.6666666666666666,0,
857,铅钡,3.0,0.05454545454545454,0.6666666666666666,0,
858,铅钡,4.0,0.07272727272727272,0.5,0,
859,铅钡,4.0,0.07272727272727272,0.5,0,
860,铅钡,7.0,0.12727272727272726,0.2857142857142857,0,
861,铅钡,6.0,0.10909090909090909,0.3333333333333333,0,
862,铅钡,4.0,0.07272727272727272,0.2,0,
863,铅钡,7.0,0.12727272727272726,0.2857142857142857,0,
864,铅钡,6.0,0.10909090909090909,0.3333333333333333,0,
865,铅钡,4.0,0.07272727272727272,0.5,0,
866,铅钡,6.0,0.10909090909090909,0.3333333333333333,0,
867,铅钡,6.0,0.10909090909090909,0.3333333333333333,0,
868,铅钡,3.0,0.05454545454545454,0.6666666666666666,0,
869,铅钡,10.0,0.18181818181818182,0.2,0,
870,铅钡,11.0,0.2,0.18181818181818182,0,
871,铅钡,7.0,0.12727272727272726,0.2857142857142857,0,
872,铅钡,5.0,0.09090909090909091,0.4,0,
873,铅钡,4.0,0.07272727272727272,0.5,0,
874,铅钡,3.0,0.05454545454545454,0.25,0,
875,铅钡,8.0,0.14545454545454545,0.1111111111111111,0,
876,铅钡,5.0,0.09090909090909091,0.4,0,
877,铅钡,7.0,0.12727272727272726,0.2857142857142857,0,
878,铅钡,8.0,0.14545454545454545,0.25,0,
879,铅钡,5.0,0.09090909090909091,0.4,0,
880,铅钡,8.0,0.14545454545454545,0.25,0,
881,铅钡,7.0,0.12727272727272726,0.2857142857142857,0,
882,铅钡,5.0,0.09090909090909091,0.4,0,
883,铅钡,6.0,0.10909090909090909,0.3333333333333333,0,
884,铅钡,6.0,0.10909090909090909,0.14285714285714285,0,
885,铅钡,7.0,0.12727272727272726,0.2857142857142857,0,
886,铅钡,4.0,0.07272727272727272,0.5,0,
887,铅钡,7.0,0.12727272727272726,0.2857142857142857,0,
888,铅钡,5.0,0.09090909090909091,0.4,0,
889,铅钡,3.0,0.05454545454545454,0.25,0,
890,铅钡,4.0,0.07272727272727272,0.5,0,
891,铅钡,5.0,0.09090909090909091,0.4,0,
892,铅钡,7.0,0.12727272727272726,0.2857142857142857,0,
893,铅钡,7.0,0.12727272727272726,0.2857142857142857,0,
894,铅钡,7.0,0.12727272727272726,0.2857142857142857,0,
895,铅钡,7.0,0.12727272727272726,0.125,0,
896,铅钡,6.0,0.10909090909090909,0.3333333333333333,0,
897,铅钡,6.0,0.10909090909090909,0.3333333333333333,0,
898,铅钡,4.0,0.07272727272727272,0.5,0,
899,铅钡,6.0,0.10909090909090909,0.3333333333333333,0,
900,铅钡,6.0,0.10909090909090909,0.14285714285714285,0,
901,铅钡,6.0,0.10909090909090909,0.3333333333333333,0,
902,铅钡,6.0,0.10909090909090909,0.3333333333333333,0,
903,铅钡,6.0,0.10909090909090909,0.3333333333333333,0,
904,铅钡,11.0,0.2,0.18181818181818182,0,
905,铅钡,4.0,0.07272727272727272,0.5,0,
906,铅钡,5.0,0.09090909090909091,0.4,0,
907,铅钡,3.0,0.05454545454545454,0.6666666666666666,0,
908,铅钡,5.0,0.09090909090909091,0.4,0,
909,铅钡,4.0,0.07272727272727272,0.5,0,
910,铅钡,6.0,0.10909090909090909,0.3333333333333333,0,
911,铅钡,4.0,0.07272727272727272,0.5,0,
912,铅钡,5.0,0.09090909090909091,0.4,0,
913,铅钡,7.0,0.12727272727272726,0.2857142857142857,0,
914,铅钡,7.0,0.12727272727272726,0.2857142857142857,0,
915,铅钡,3.0,0.05454545454545454,0.6666666666666666,0,
916,铅钡,5.0,0.09090909090909091,0.4,0,
917,铅钡,5.0,0.09090909090909091,0.4,0,
918,铅钡,5.0,0.09090909090909091,0.4,0,
919,铅钡,8.0,0.14545454545454545,0.25,0,
920,铅钡,5.0,0.09090909090909091,0.4,0,
921,铅钡,8.0,0.14545454545454545,0.25,0,
922,铅钡,5.0,0.09090909090909091,0.16666666666666666,0,
923,铅钡,5.0,0.09090909090909091,0.4,0,
924,铅钡,9.0,0.16363636363636364,0.2222222222222222,0,
925,铅钡,5.0,0.09090909090909091,0.4,0,
926,铅钡,7.0,0.12727272727272726,0.2857142857142857,0,
927,铅钡,2.0,0.03636363636363636,0.3333333333333333,0,
928,铅钡,4.0,0.07272727272727272,0.5,0,
929,铅钡,5.0,0.09090909090909091,0.4,0,
930,铅钡,8.0,0.14545454545454545,0.25,0,
931,铅钡,10.0,0.18181818181818182,0.2,0,
932,铅钡,5.0,0.09090909090909091,0.4,0,
933,铅钡,4.0,0.07272727272727272,0.5,0,
934,铅钡,3.0,0.05454545454545454,0.25,0,
935,铅钡,5.0,0.09090909090909091,0.4,0,
936,铅钡,4.0,0.07272727272727272,0.2,0,
937,铅钡,7.0,0.12727272727272726,0.2857142857142857,0,
938,铅钡,3.0,0.05454545454545454,0.6666666666666666,0,
939,铅钡,3.0,0.05454545454545454,0.6666666666666666,0,
940,铅钡,8.0,0.14545454545454545,0.25,0,
941,铅钡,3.0,0.05454545454545454,0.6666666666666666,0,
942,铅钡,6.0,0.10909090909090909,0.3333333333333333,0,
943,铅钡,5.0,0.09090909090909091,0.4,0,
944,铅钡,6.0,0.10909090909090909,0.3333333333333333,0,
945,铅钡,6.0,0.10909090909090909,0.3333333333333333,0,
946,铅钡,0.0,0.0,0.0,0,
947,铅钡,0.0,0.0,0.0,0,
948,铅钡,0.0,0.0,0.0,0,
949,铅钡,0.0,0.0,0.0,0,
950,铅钡,0.0,0.0,0.0,0,
951,铅钡,0.0,0.0,0.0,0,
952,铅钡,0.0,0.0,0.0,0,
953,铅钡,0.0,0.0,0.0,0,
954,铅钡,0.0,0.0,0.0,0,
955,铅钡,0.0,0.0,0.0,0,
956,铅钡,0.0,0.0,0.0,0,
957,铅钡,0.0,0.0,0.0,0,
958,铅钡,0.0,0.0,0.0,0,
959,铅钡,0.0,0.0,0.0,0,
960,铅钡,0.0,0.0,0.0,0,
961,铅钡,0.0,0.0,0.0,0,
962,铅钡,0.0,0.0,0.0,0,
963,铅钡,0.0,0.0,0.0,0,
964,铅钡,0.0,0.0,0.0,0,
965,铅钡,0.0,0.0,0.0,0,
966,铅钡,0.0,0.0,0.0,0,
967,铅钡,0.0,0.0,0.0,0,
968,铅钡,0.0,0.0,0.0,0,
969,铅钡,0.0,0.0,0.0,0,
970,铅钡,0.0,0.0,0.0,0,
971,铅钡,0.0,0.0,0.0,0,
972,铅钡,0.0,0.0,0.0,0,
973,铅钡,0.0,0.0,0.0,0,
974,铅钡,0.0,0.0,0.0,0,
975,铅钡,0.0,0.0,0.0,0,
976,铅钡,0.0,0.0,0.0,0,
977,铅钡,0.0,0.0,0.0,0,
978,铅钡,0.0,0.0,0.0,0,
979,铅钡,0.0,0.0,0.0,0,
980,铅钡,0.0,0.0,0.0,0,
981,铅钡,0.0,0.0,0.0,0,
982,铅钡,0.0,0.0,0.0,0,
983,铅钡,0.0,0.0,0.0,0,
984,铅钡,0.0,0.0,0.0,0,
985,铅钡,0.0,0.0,0.0,0,
986,铅钡,0.0,0.0,0.0,0,
987,铅钡,0.0,0.0,0.0,0,
988,铅钡,0.0,0.0,0.0,0,
989,铅钡,0.0,0.0,0.0,0,
990,铅钡,0.0,0.0,0.0,0,
991,铅钡,0.0,0.0,0.0,0,
992,铅钡,0.0,0.0,0.0,0,
993,铅钡,0.0,0.0,0.0,0,
994,铅钡,0.0,0.0,0.0,0,
995,铅钡,0.0,0.0,0.0,0,
996,铅钡,0.0,0.0,0.0,0,
997,铅钡,0.0,0.0,0.0,0,
998,铅钡,0.0,0.0,0.0,0,
999,铅钡,0.0,0.0,0.0,0,
graphical_lasso_gate,铅钡,,,,1,disabled_n_over_p=3.636_lt_5
